Title,Content
సంగతులు,ముందు ఈ వీడియోలు చూడండి దీపికా పదుకునే శిల్ప సెట్టి రణ్ భీర్ కపూర్ షాహిద్ ఎవరండీ వీళ్ళంతా ఏంటీ వీళ్ళ గొప్పతనం అబ్దుల్ కలాం గారు సచిన్ బాలు విశ్వనాధన్ ఆనంద్ నారాయణ మూర్తి టాటా ఇళయరాజా ఏమయిపోయారు వీళ్ళంతా ఇండియా అంటే సినిమాస్టార్లు తప్పించి ఎవరూ గొప్పోళ్ళు లేనట్టున్నారు తాజ్ మహల్ హిమాలయాలు లేకుండా పిల్లలు కూడా ఇండియా గురించి మాట్లాడరే మరి ఆ పెద్దలెలా మర్చిపోయారు కాష్మీర్ ని ఈ సినిమా పెద్దలు పాకిస్తాన్ కి ఇచ్చేసినట్టున్నారు అసలు ఈ వీడియోలో ఆత్మ ఎక్కడుంది ఇంత హడావుడి ముగింపు ఎందుకు ఇవ్వాల్సొచ్చింది అసలు దీన్ని రీమేక్ చేసి ఏమి చూపించాలనుకున్నారు ఎంత ఆశగా ఎదురుచూసానో ఈ వీడియో గురించి హుమ్మ్ ఒక సారి ఈ పాత వీడియో చూడండి నా బాధ మీకూ అర్ధం అవుతుంది
శ్రీనివాసకుమార్,
శ్రీ వెంకటేశ్వర స్వామి,
శోధన,ఎందుకో మళ్ళీ బ్లాగ్ రాయటం మొదలు పెట్టాలనిపిస్తోంది ఎంత సీరియస్ గా రాస్తానో చూడాలి పెద్దగా నమ్మకం లేదు కానీ చూద్దాం
వేదిక,11 00 3 11 00 250 9885396501
వెలుగు రేఖలు,
వెన్నెల మధుమాసపు చల్లని వేళ,
వెంకట రమణ బ్లాగు మరో బ్లాగు,
వీవెనుడి టెక్కునిక్కులు స్వేచ్ఛా సాఫ్ట్ వేర్ బహిరంగ జాలం తెలుగు ఇతరత్రా,
,
,
వాసుగాడు,నీ చుర చుర చుర చూపులే పంజా సల సల సల ఊపిరే పంజా నర నరమున నెత్తురే పంజా అణువణువున సత్తువే పంజా అదుపెరుగని వేగమే పంజా అదరని పెనుధైర్యమే పంజా పెదవంచున మౌనమే పంజా పదునగు ఆలోచనే పంజా చీకటిలో చీకటిగా మూసిన ముసుగా నిప్పుల బంతి తప్పదనే యుద్ధముగా వేకువ చూడదా రేపతి కాంతి ఆకాశం నీ పంజా అది గెలవాలీ అసలైన గుండెదమ్ముగా ఆవేశం నీ పంజా అడుగెయ్యాలి చెడునంతంచేసే చైతన్యంగా ఆటుపోటు లేనె లేని సాగరమే ఉంటుందా ఎత్తు పల్లం లేనె లేని రాదారంటూ ఉందా ఆకురాలని కొమ్మరెమ్మలు చిగురయ్యే వీలుందా ఏదెమైనా తుది వరకు ఎదురీత సాగాలిగా అడుగడుగూ అలజడిగా నీ జీవితమే నీ శత్రువు కాగా బెదిరించే ఆపదనే ఎదురించే గుణమేగా పంజా ఆకాశం నీ పంజా అది గెలవాలీ అసలైన గుండెదమ్ముగా ఆవేశం నీ పంజా అడుగెయ్యాలి చెడునంతంచేసే చైతన్యంగా
,
లెజెండ్ జోకర్ బాబు,అక్కడంతా కోలాహలంగా ఉంది అది సినీమహోత్సవాల సందర్భంగా రిహార్సల్స్ జరుగుతున్న ఆడిటోరియం పెద్ద పెద్ద తారలు చాలా ఓపిగ్గా స్టెప్పులు ప్రాక్టీస్ చేస్తున్నారు యువవజ్రం బాలబాబు లాంటి మెగా హీరో కూడా అలుపన్నది లేకుండా గంట నుంచీ ప్రాక్టీస్ సెషన్లోనే ఉన్నారు చిన్న వయసు హీరోయిన్లు కూడ ఆయనతో పోటీ పడలేక మాటి మాటికీ విరామం తీసుకుంటున్నారు సినీమహోత్సవాల సందర్భంగా మేటి దర్శకుడు రాజేంద్ర రావు దర్శకత్వ పర్యవేక్షణలొ యువ దర్శకుడు వంశీకృష్ణ దర్శకత్వంలో చిత్రపరిశ్రమలోని మేటి హీరో హీరోయిన్లందర్నీ పెట్టి ఒక ఉత్తేజకరమైన పాటని చిత్రీకరించాలని ఆర్గనైజింగ్ కమిటీ నిర్ణయించింది ఆ నిర్ణయాన్ని అందరు హీరోలూ హీరోయిన్లూ ఆనందంగా స్వాగతించారు ఆడిటోరియంలో ఒక వైపు ఆ పాట చిత్రీకరణ కూడా శరవేగంగా జరుగుతోంది అక్కడ మేచోస్టార్ దర్శక రాజేంద్రునితో ఉత్సాహంగా ముచ్చటిస్తూ ఉన్నారు ఇంతలో ఒక అసిస్టెంట్ వారిని సమీపించి మేచోస్టార్ తో సార్ మీకోసం ఎవరో అభిమానులు వచ్చారు అని చెప్పాడు నెమ్మదిగా ఓహ్ అలాగా వాళ్ళని వెయిటింగ్ రూం లో కూర్చోబెట్టీ ఏమేంకావాలో అడిగి ఇప్పించు ఒక అయిదు నిముషాల్లో షాట్ ముగించుకుని వస్తాను అని చెప్పి షాట్ కోసం చక చకా సెట్ మీదికి వెళ్ళారు ఆరేడు నిముషాల్లో ఆయన వెయిటింగ్ రూం లోకి ప్రవేశించారు సారీ కొంచెం లేటయ్యింది ఇప్పుడు చెప్పండి ఎలా ఉన్నారు ఎక్కడ నుంచి వచ్చారు అంటూ ప్రశ్నలతో ముంచెత్తుతున్న తమ అభిమాన హీరోని చూసి మాటలు రాక నిలబడి పోయారు వాళ్ళంతా ఒకడు మాత్రం తేరుకుని బాగున్నం సార్ మీరెట్లున్నరు సార్ చాన దూరం నుంచొచ్చినం సార్ మిమ్మల్ని కలుస్తమనే ఆశ గూడ లేకుండె మిమ్మల్ని జూడగనే మాటల్ రాటం లేదు సార్ అని అంటూండగనే ఆయన కల్పించుకుని అప్పుడప్పుడూ షూటింగ్ పనుల్లో బిజీగా ఉండి అభిమానుల్ని కలవటానికి సమయం సరిపోదు అంతే సరే మీరంతా ఏం చేస్తూ ఉంటారు అన్నారు వాళ్ళలో చాలా మంది స్టూడెంట్స్ కొందరు ఉద్యోగాలు చేసేవాళ్ళూ ఉన్నారు మేచోస్టార్ అభిమాన సంఘాలు పలు సందర్భాల్లో రాష్ట్రమంతటా రక్తదాన శిబిరాలు నిర్వహిస్తూ ఉంటారు తమ అభిమాన హీరో నిర్వహించే బ్లడ్ బ్యాంక్ మరియు ఐ బ్యాంక్ లకు ప్రచారకర్తలుగా వ్యవహరిస్తూ ఉంటారు రాష్ట్ర సినీ చరిత్రలో ఇటువంటి కార్యక్రమాల్ని ఇంత పెద్ద ఎత్తున నిర్వహించిన సినీ హీరో లేనే లేడు మహా నటుడు మహా నేత విశ్వ విఖ్యాత నట చక్రవర్తి తరువాత ఇంత ప్రజాదరణ పొందిన నటుడు కూడా లేనే లేడు అందుకే ఆయన్ని చాలామంది లివింగ్ లెజెండ్ గా పరిగణిస్తారు అభిమానులైతే ఏకంగా దైవంతో సమానంగా చూస్తారు అవును మరి సినీ హీరో అభిమానులమని చెబితేనే జనం ఒక రకంగా చూసే స్థాయి నుంచి మేచో స్టార్ ఫ్యాన్స్ అంటె అభిమానంగా ఒకింత గౌరవంగా కూడా పలకరించే స్థాయికి తీసుకు వచ్చిన ఘనత మేచోస్టార్ కే దక్కుతుంది అభిమానుల్తో మాట్లాడుతుండగానే స్టార్ ప్రొడ్యూసర్ రాగానాయుడు గారు వచ్చి కొంచెం ఇలా రాగలరా అన్నట్టు దూరం నుంచి సైగ చేశారు చిరునవ్వుల్తో అభిమానుల్ని సాగనంపి వచ్చారు మేచోస్టార్ మీతో కొంచెం మాట్లాడాలి ఇలా రండి అంటూ గదిలోకి తీసుకెళ్ళారాయన అక్కడ సినీమహోత్సవ ఆర్గనైజింగ్ కమిటీ మొత్తం కూర్చుని ఉంది అందరూ ఆందోళనగా ఉండటం గమనించి ఏమైంద న్నట్లు కనుబొమ్మలెగరేశారు మేచోస్టార్ ఏముంది ఎప్పుడూ ఉండే సంతే ఆ జోకర్ బాబు సన్మానం గురించి ఇప్పటికే సినీమహోత్సవ ముగింపు పాటలో నటించమని ఆహ్వానించటానికి ఫోన్ చేస్తే నన్ను బండ బూతులు తిట్టాడు కారణం కూడా చెప్పలేదు ఇప్పుడు ఆయన సన్మానం గురించే అందరి భయమూ గడసరి గారి పుణ్యమా అని ఇప్పుడీ కమలశ్రీ బిరుదు కూడా వచ్చింది కదా అసలు మొన్ననే నన్ను లెజెండ్ గా గుర్తించి సన్మానం చేస్తేనే ఫంక్షన్ కైనా వస్తానని అటకెక్కాడు అక్కడికీ చెప్పా నిన్ను లెజెండ్ గా సన్మానిస్తే జనాలు మమ్మల్ని ఎగరేసి తంతారూ అని ఒప్పుకుంటాడా దరిద్రుడు ఇప్పుడు కనీసం ముఖ్య మంత్రి గారితోనైనా సన్మానం జరిపించకపోతే మళ్ళీ బయట ఏ ప్రెస్ కాన్ ఫరెన్సో పెట్టి అడ్డమైన మాటలూ మాట్లాడతాడు అరచంద్ గారేమో మీకు లెజెండ్రీ పురస్కారం ఇవ్వాలనుకోవటమే జోకర్ బాబు అలుకకు కారణం కాబట్టి అది ఆపేద్దాం అంటున్నారు మిగతా కమిటీ మొత్తం ఇవ్వాల్సిందే అని పట్టుబడుతోంది మీకో మాట చెబుదామని నేనే పిలిపించాను అన్నాడు కమిటీ కన్వీనర్ ఎ యస్ రాజారావు అదేంటండీ నాకు లెజెండరీ పురస్కారమా అంత పెద్ద పెద్ద వారుండగా నాకా బాగుండదండీ అరచంద్ గారన్నది నిజమే అంటుండగా మధ్యలోనే రాగానాయుడు గారు కల్పించుకొని వారంటున్నది కరక్టే నువ్వు అందుకు అన్ని విధాలా విధాలా అర్హుడివి మరేం మాట్లాడకు గడసరి గారు కూడా పదే పదే చెప్పారు వాడి సంగతేదో ఆయనే మానేజ్ చేసుకుంటామన్నారు అని రకరకాలుగా సర్ది చెప్పారు మిగతా కమిటీ అంతా పదే పదే అదే చెప్పేసరికి మేచోస్టార్ అలాగేనండీ మీ ఇష్టం నాకు మాత్రం ఇది పూర్తిగా అంగీకారం కాదు అంటూ ఏదో ఆలోచిస్తూ బయటికి నడిచారు ఇంకా ఉంది
మానస వీణ నా మది లోని రాగాలు,
మహాసముద్రం,
మహా కవి శ్రీ శ్రీ,
మనిషి,రసికజన మనోభిరామ రచనానంతరం ఆ కృతి చదివిన వారవనిత ఒకామె కూచిమంచి తిమ్మకవిని కౌగిలించుకొనగా ఆయన పెడమొగం పెట్టాడట ఆప్పుడామె చతురులలోన నీవు గడు జాణ వటంచును నేను గౌగిలిం చితి నిటు మాఱుమోమిడఁగజెల్లునె యో రసికాగ్రగణ్య అని ప్రశ్నించిందట దానికి తిమ్మకవి అద్భుతమగు నట్టి బంగరపు బొంగరపుంగవఁబోలు నీ కుచ ద్వితయము ఱొమ్మునాటి యల వీపున దూసెనటంచుఁజూచితిన్ అని జవాబిచ్చాడట ఇంతకూ ఈ మా ట నాకెవరు చెప్పారు
బ్లాగాయణం మన బ్లాగ్,గురుదేవోభవా అన్న మాటకు ఏనాడో నూకలు చెల్లిపోయినట్టున్నాయి ఈ వార్త చూస్తే నేటి తరంలో గురువుకి శిష్యులుస్తున్న విలువ అర్థమవుతోంది ఆ వార్తను ఇక్కడ చదవండి ఒక మనిషి విజ్ఞాన వికాసంలో తల్లిదండ్రుల తర్వాత ముఖ్యపాత్ర వహించే గురువుని నగ్నంగా చిత్రీకరించి డబ్బుల కోసం వేధించిన ఆ విధ్యార్థులని వరసగా నిల్చోపెట్టి కాల్చిపారేయడమో నరికిపారేయడమో చెయ్యాలన్నంత కోపంగా ఉంది
మన తెలుగు ఆంధ్రమహాభారతం,వచనము అదియును నూఱుయోజనంబుల వెడల్పును నూటయేఁబది యోజనంబుల నిడుపును నేను యోజనంబుల తనర్పునుం గలిగి వైహాయసంబయి కామగమనంబయి వ్యపేతశీతాతపంబయి సకల కాల కుసుమ ఫలభరిత పాదపవన సంకీర్ణ సరోవర విరాజితంబయి తపఃప్రభావంబున నమరేంద్రుచేత నిర్మితంబయి కరం బొప్పుచుండు నట్టి సభయందు ఆ సభ నూరు ఆమడల వెడల్పు నూట యాభై ఆమడల పొడవు ఐదు ఆమడల ఎత్తు కలిగి ఆకాశంలో ఉంటుంది అక్కడ చలి ఎండ ఉండవు అన్ని కాలాల్లోనూ అక్కడి సరస్సులు చెట్ల తోపులు పూలు పండ్లతో నిండుగా ఉంటాయి దీన్ని ఇంద్రుడు తన తపోబలంతో నిర్మించుకున్నాడు
మధురకవి మల్లవరపు జాన్,
భీమనాతి,తపఃపరే కృతయుగే త్రేతాయాం ఙ్ఞానముచ్చతే ద్వాపరే యఙ్ఞమిత్యాహుః దానమేవ కలౌయుగే కృతయుగంలో తపస్సు చేత కలిగిన ఫలితం త్రేతాయుగంలో భగవత్ ఙ్ఞానాన్ని పొందిన ఫలం ద్వాపరయుగంలో యఙ్ఞయాగాదుల వల్ల కలిగిన ఫలితం కలియుగంలో ఒక్క దానం అనే ప్రక్రియ వల్ల సాధించవచ్చు
భాషల ఊసులు,
భావయామి గోపాల బాలం,నేను ఒక కొత్త వెబ్ సైటు మొదలు పెట్టాను ఇప్పటినుంచి నేను అన్ని కొత్త స్తోత్రములు కీర్తనలు మరియు వేద మంత్రములు కొత్త సైటులోనే పొందుపరుస్తాను దయ చేసి కొత్త సైటును చూసి ఉపయోగించమని మనవి ధన్యవాదములు శ్రీనివాస్ వాడ్రేవు
భావగీతాలు,
బృందావన రావు గారి వ్రాత పత్రి,
బాటసారి,ఇంజినీరింగ్ లొ చేరిన మొదటి సంవత్సరం అది ఇంకా క్లాసులు సరిగ్గా మొదలవలేదు నేను రాజు ప్రసాద్ ముగ్గురమె ఒక రూం లొ వుండేవాళ్లం మా ప్రసాద్ గాడి ఫ్రెండ్ రవి కూడా మా వీధి లొనే చివరికి వుండేవాడు వాడి పేరు రవి అని నాకు ఇప్పుడు గుర్తొచ్చింది వాడికయితే ఇంకా వాడి పేరు రవి అని గుర్తుందని నేననుకోను ఎందుకంటే వాడిని అందరూ బుగ్గలు అని పిలిచేవారు ఆ పేరు పెట్టింది కూడా ఎవడో కాదు మా రాజు గాడు ఇంజినీరింగ్ నాలుగు సంవత్సరాలు కూడ వాడిని మా కాలేజి అందరూ అలాగే పిలిచెవారు దానితొ వాడి పేరు వాడు మర్చిపొయడు బుగ్గలు అని ఫిక్సయిపోయాడు ఇంజినీరింగ్ అయ్యి పది సంవత్సరాలు అయినా ఇప్పటికీ వాడిని అందరూ బుగ్గలు అనే పిలుస్తారు వాడికి పెట్టిన ఆ పేరుని బట్టి వాడి బుగ్గలు ఎలా వుంటాయో మీరే ఊహించుకొండి క్లాసులు అవగానే వాడు మా ప్రసాద్ గాడితొ పాటు మా రూం కి వచ్చేవాడు మాతొ పాటే మెస్ కి మళ్లి మా రూం కి వాడి రూం కి వాడు కనీసం పడుక్కోటానికి కూడా వెళ్లేవాడు కాదు దాంతొ మా ఓనర్ కి డౌటు వచ్చింది మా ఓనర్ తొ పాటే మా బుగ్గలోడి ఓనర్ కి కూడా
బడి పిల్లగాడు,
,
,
,
పూతరేక్స్ ఎందఱో మహానుభావులు కొందరికే దండాలు,
పాటలు మాటలు,చిత్రం మహార్షి సంగీతం ఇళయరాజా సాహిత్యం వేటూరి గానం బాలు సాహసం నా పదం రాజసం నా రదం సాగితే ఆపడం సాధ్యమా పౌరుషం ఆయుధం పోరులో జీవితం కైవసం కావడం కష్టమా లోకమే బానిసై చెయదావూడిగం శశనం దాటడం సఖ్యమా నా పదగతిలో ఏ ప్రతిఘటన ఈ పిడికిలిలో తానొదుగునుగా సాహసం నా పదం రాజసం నా రదం సాగితే ఆపడం సాధ్యమా నిశ్చయం నిశ్చలం హహహా నిర్భయం నా హయం ఆఆఆఆఆఆఆఆఆఆ కానిదేముంది నే కోరుకుంటే భూమి సాధించుకోనా లాభమేముంది కలకాలముంటే కామితం తీరకుండా తప్పని ఒప్పని తర్కమే చేయను కష్టమో నష్టమో లక్కలే వేయను ఉరుకుంటే కాలమంతా జారిపోదా ఊహవంటా నే మనస్సు పడితే ఏ కలలైనా ఈ చిటికకోడుతు నే పిలువనా సాహసం నా పదం రాజసం నా రదం సాగితే ఆపడం సాధ్యమా పౌరుషం ఆయుధం పోరులో జీవితం కైవసం కావడం కష్టమా అదరని బెదరని ప్రవుర్తీ ఒదగని మదగజమే మహార్షి ఆఆఆఆఆఆఆఆఆఆఆ వేడితేనేని ఓడిచేరుతందా వేటసాగాలి కాదా ఓడితే జాలి చూపేన కాల కాలరాసేసి పోదా అంతమో సోంతమో పంతమే వీడను మందలో పందలా ఉండనే ఉండను భీరువల్లే పారిపోను రేయి ఓళ్ళోతూలిపోను నే మొదలు పెడితే ఏ సమరమైనా నాకెదుపడునా ఏ అపజయం సాహసం నా పదం రాజసం నా రదం సాగితే ఆపడం సాధ్యమా పౌరుషం ఆయుధం పోరులో జీవితం కైవసం కావడం కష్టమా లోకమే బానిసై చెయదావూడిగం శశనం దాటడం సఖ్యమా నా పదగతిలో ఏ ప్రతిఘటన ఈ పిడికిలిలో తానొదుగునుగా సాహసం నా పదం రాజసం నా రదం సాగితే ఆపడం సాధ్యమా తకిటజం తరితజం తనతజం జమ్తజం తకిటజం తరితజం జమ్తజం
,
పడమటి గోదావరి రాగం,ముప్పై ఏళ్లలో ఎప్పుడూ చెయ్యి సబ్బుతో కడగని శంకర్రావు హూ గైడ్ లైన్స్ కి అనుగుణంగా ప్రతి గంటకి ముప్పయి సెకండ్ల పాటు చేతులు కడుగుతున్నాడు చేతికున్న వైరస్ల చావు దేవుడెరుగు చేతికున్న రేఖలన్నీ కూడా అరిగిపోయి తెల్ల పుష్పాల్లా తయారయ్యాయి ఇక నేను కడగలేనే చచ్చే చావొచ్చింది ఇలా కడుగుతూనే చస్తానేమో రేపు పేపర్లో చేతులు కడిగి కడిగి అమాయకపు భర్త మృతి అని వేస్తారేమోనే అని అమాయకంగా తన భార్య జానకితో అన్నాడు ఎందుకండీ అంత చిరాకు మీరు అంతలా కడగబట్టే కదా తుమ్మ మొద్దుల్లా ఉండే మీ చేతులు ఇలా తెల్లపుష్పాల్లా తళతళలాడుతున్నాయి ఏది చేసినా మన మంచికే అని చేతులు చూపించి మెచ్చుకుంది భార్య జానకి చేతులు తుడుచుకుని వచ్చి టీవీ పెట్టడం కోసం సోఫాలో ఉన్న రిమోట్ అందుకుని కూర్చున్నాడు ఇరవై చాలన్నారు ఎందుకైనా మంచిదని ముప్పై సెకండ్ల పాటు కడుగుతున్నా నువ్వు ఎప్పుడూ చేతులు కడిగిన పాపాన లేవు మళ్ళీ నన్ను వెటకారం చెయ్యడం అని చిరాకు పడ్డాడు సరే ఆ రిమోట్ ఇవ్వండి నాకు సీరియల్ టైమయ్యింది అంది జానకి కోపంగా చచ్చినా ఇచ్చేదిలేదు నేను వార్తలు చూడాలి అని నచ్చిన ఛానల్ మార్చి రిమోట్ సోఫాలో కాళ్ళకింద దాచుకున్నాడు ఇలాంటి మొగుడు ఇంట్లో ఎందుకయ్యా ఆ క్వరంటీన్ సెంటర్లో పడేస్తే ఒక పద్నాలుగు రోజులు ప్రశాంతంగా ఉండదా అని కయ్యి మంది జానకి ఇద్దరి మధ్యా వాగ్యుద్ధం తరువాత కాసేపు నిశ్శబ్దం కాసేపటికి ఏవండోయ్ ఇది చూసారా వర్లక్ష్మొదిన వాట్సాప్ పెట్టింది చేతులు కనీసం నలభై నుండి తొంభై సెకండ్ల పాటు సబ్బుతో రుద్దాలంట లేకపోతే ప్రయోజనం లేదంట అంటూ వాట్సాప్ మెస్సేజ్ చూపించింది చూసారుకదా ఏమయ్యిందో మీ ముప్పై సెకన్ల కడుగుడుల కధ అంది నవ్వుతూ జానకి విసిగిపోయిన శంకర్రావు వాళ్ళావిడతో గట్టిగా అరుస్తూ కత్తందుకో జానకీ అన్నాడు మీరే అందుకోండి మీ వెర్రి పుష్పాలతో ఇన్నాళ్లూ ఆ కడిగింది మొహమైనా బాగుండేది కాస్త తెలుపొచ్చేదేమో ముప్పై సెకండ్లే తోమి ఏం వెలగబెట్టేరంట నాకు వంట గదిలో బోల్డు పనుంది మీరెళ్లి ఆ మిగిలిపోయిన సెకండ్లకు కడుక్కోండి చేతులు అంది వెటకారంగా అక్కడనుండి లేచి వెళ్లిపోతూ అప్పటికే తల గోడకేసి బాదుకుందామనుకుంటున్న శంకర్రావు రేడియోలో పాట వస్తుంటే వింటూ ఆగాడు మాయాబజార్ లో ఘంటసాలగారి పాటొస్తుంది చేతులు కడిగిన శుభవేళా ఎందుకు నీకీ కలవరము ఎందుకు నీకీ కలవరము అని పాట ఆగి ఆరోగ్య మంత్రిత్వ శాఖ ద్వారా జనహితార్ధం జారీ అని చెప్పింది ఛీఛీ ఆఖరుకు ఈ రేడియోలో కూడా నన్నే వెటకారం చేస్తున్నారు అని తలగోడకేసి కొట్టుకోటం మొదలెట్టాడు ఏవండోయ్ ఆ పడగ్గదిలో ఉన్న అద్దం మేకు కాస్త బయటకొచ్చి అద్దం కిందకు జారిపోయింది ఆ తల కొట్టుకునేదేదో ఆ మేక్కేసి కొట్టుకుంటే అద్దమైనా సరవుతుంది కదా అని వంటింట్లొంచి అరిచింది జానకి ఇక చేసేదేం లేక తలుపు తీసుకుని బయటకు పోదాం అని విసురుగా తలుపులు తీసి గుమ్మంలోకి అడుగుపెట్టగానే పీపీయి కిట్స్ వేసుకుని ఇద్దరు గ్రహాంతరవాసుల్లాగా గుమ్మం ముందు నిలబడి ఉన్నారు వాళ్ళను చూసి భయపడ్డ శంకర్రావు అంతే వేగంతో లోపలికి దూరి తలుపు వెనకాల కొక్కేనికి తగిలించిన మాస్క్ తీసి మొహానికి తగిలించుకుని మళ్ళీ గుమ్మంలోకి వచ్చాడు ముందు నిలబడిన ఇద్దర్లో ఒకతను జేబులోంచి పెన్ను పేపరు తీసి శంకర్రావుగారంటే మీరేనా అనడిగాడు వణుకుతూ తడబడ్డ గొంతుతో నే నే అన్నాడు శంకర్రావు మేం మున్సిపాలిటీ సర్వే డిపార్ట్మెంట్ నుండి వస్తున్నాం మీరు అడిగిన ప్రశ్నలకు సమాధానాలు చెప్పాలి మాకు అనుమానం వస్తే తీసుకుపోతాం మీరురోజుకు చేతులు ఎన్ని సార్లు కడుగుతారు అనడిగాడు ఒక ముప్పైసార్లు అన్నాడు ఎన్ని సెకండ్ల పాటు అనడిగాడు ఒక నలభై తొంభై వంద సెకన్లు పైనే కడుగుతానండి అన్నాడు గర్వంగా కానీ అన్నిసార్లు కడిగినట్టు లేవు కదా సార్ మీ చేతులు మీరు సరిగ్గా ఇన్ఫర్మేషన్ ఇవ్వాలి మాకు ఇది ప్రభుత్వానికి పంపే సర్వే మీ డీటెయిల్స్ అన్ని వెళతాయి అని బెదిరించాడతను అదేంటి ఇంత తెల్లగా ఉంటేనూ ఇంకా కడిగినట్టు లేవు అంటే ఎలా అని తెల్లపుష్పాలను గాల్లో ఊపుతూ చూపించాడు బియ్యం ఏరుతూ పళ్లెం చేతిలో పట్టుకుని మాస్కు కిందనుంచి నాలుగ్గింజలు నోట్లోవేసుకుని పటపటలాడిస్తూ వెనుకే వచ్చింది జానకి సార్ ముప్పై సెకండ్ల కంటే ఎక్కువ ఈయనెప్పుడూ కడగలేదండీ అని చెప్పింది గ్రహాంతరవాసులకు అదేసార్ నేను చేతులు చూసి ఎంత సేపటి క్రితం కడిగినవో చెప్పేయగలను అలాటిది నన్నే మోసం చెయ్యాలని చూస్తారా ఉండండి రిమార్కు రాసేస్తా అని పుస్తకం పేజీలు తిప్పాడు బాబ్బాబు ఆగవయ్యా ఏదిపడితే అది రాయకు ఇకనుంచి సరిగ్గా కడుగుతా అని అతని చెయ్యి పట్టుకుని శపథం చేసినట్టు చేతిలో చెయ్యేసాడు ఏంటి సోషల్ డిస్టన్సింగ్ కూడా మీరు పాటించడం లేదు ఇలా మీదకొచ్చేసి నా చెయ్యి ముట్టుకుంటారా మీరు కనీసం ఆరోగ్యంగా అయినా ఉన్నారా లేదా ఆ వివరాలు చెప్పండి ముందు అని అడగటం మొదలుపెట్టాడు మీకు దగ్గు జలుబు ఊపిరి తీసుకోటం కష్టంగా ఉండటం వాసనా రుచి తెలికపోవటం లాంటి లక్షణాలు ఉన్నాయా అనడిగాడు శంకర్రావు అబ్బే అవేం లేవు అన్నాడు ఎంత ఆపుకుందామన్నా ఆగకుండా హాచ్ అని పెద్ద తుమ్మొచ్చింది మీకు డయాబెటిస్ హార్ట్ కిడ్నీ ప్రాబ్లమ్స్ ఉన్నాయా లేవు అన్న దానికి అడ్డుపడి వీళ్ళకుటుంబంలో అందరికీ ఉన్నాయండి అంది జానకి మీరు ఒక పదిరోజుల్లో ఎక్కడికైనా బయటకు వెళ్ళారా అనడిగాడు మొన్న వద్దంటే కరివేపాకు లేకుండా కూరలేంటి ముద్ద దిగట్లేదు అని పక్కూరెళ్లి మరీ తెచ్చారండి చెప్పరేమండి అలా నసుగుతారే అంది జానకి శంకర్రావు వంక ఉరిమి ఉరిమి చూస్తూ ఇక ఆఖరి ప్రశ్న కోవిడ్ పేషంట్ తో ఈ మధ్య ఎవరినన్నా కలిసారా అనడిగాడు మొన్నే వీళ్ళ ఫ్రెండ్ కి వచ్చి హోమ్ క్వరంటీన్లో ఉంటే వెళ్లి పళ్లు బాదం పప్పు జీడిపప్పు అవిఇవీ కొనిచ్చి కలిసొచ్చారు కదా అంది కోపంగా జానకి అయితే ఈయన్ని మేం క్వరంటీన్ కి తీసుకెళుతున్నాం మేడం అని శంకర్రావుని బుజాలమీద చేతులువేసి బలవంతంగా నడిపించుకుంటూ తీసుకెళ్లి అంబులెన్సెక్కించారు అంబులెన్స్ వెనుక అద్దంలోంచి బయటకు చూస్తున్న శంకర్రావుకి రిమోట్ చూపించి వెక్కిరించింది జానకి
పడమటి గోదావరి రాగం నా రచనలు అందరితో పంచుకోవటానికి ఇది ఒక చిన్న ప్రయత్నం,
నేనూ నా కేమరా,నేను ఈ బ్లాగు మూసేసి ఇప్పుడు కొత్తబ్లాగులో పోస్టుతున్నాను
తేనెలొలుకు నా తేట తెలుగు,ప్రొద్దున లేవగానే మా నాన్నగారు పెట్టే రేడియో భక్తిరంజనిలో నాకు సూర్యభగవానుడిని స్తుతించే ఈ పాట చాలా యిష్టం అందుకే తెలుగులో నా బ్లాగులో పెడితే అందరికీ అందుబాటులో వుంటుందని చిన్న ప్రయత్నం శ్రీ సూర్యనారాయణ మేలుకో హరిసూర్యనారాయణ 2 పొడుస్తూ భానుడూ పొన్న పువ్వు ఛాయ పొన్నపువ్వు మీద పొగడపువ్వు ఛాయ శ్రీ సూర్య ఉదయిస్తూ భానుడు ఉల్లిపువ్వు ఛాయ ఉల్లిపువ్వుమీద ఉగ్రంపు పొడిఛాయ శ్రీ సూర్య గడియెక్కి భానుడు కంబపువ్వు ఛాయ కంబపువ్వు మీద కాకారీ పూఛాయ శ్రీ సూర్య జామెక్కి భానుడు జాజిపువ్వు ఛాయ జాజిపువ్వుమీద సంపంగీ పూఛాయ శ్రీ సూర్య మధ్యాహ్న భానుడు మల్లెపువ్వు ఛాయ మల్లెపువ్వుమీద మంకెన్న పూఛాయ శ్రీ సూర్య మూడుఝాముల భానుడు ములగపువ్వు ఛాయ ములగపువ్వుమీద ముత్యంపు పొడిఛాయ శ్రీ సూర్య అస్తమాన భానుడు ఆవపువ్వు ఛాయ ఆవపువ్వుమీద అద్దంపు పొడిఛాయ శ్రీ సూర్య వాలుతూ భానుడు వంగపువ్వు ఛాయ వంగపువ్వుమీద వజ్రంపు పొడిఛాయ శ్రీ సూర్య గుంకుతూ భానుడు గుమ్మడిపూఛాయ గుమ్మడిపువ్వుమీద కుంకంపు పొడిఛాయ శ్రీ సూర్య ఈ పాట ఆడియో ఇక్కడ లభ్యమవుతుంది 03_Meluko_Hari_Surya mp3
,సాహితీకౌముది జనవరి 2013 సంచికలో ఇచ్చిన సమస్య భారతార్థంలో వనితల దాచుకొంచు గడుపన్ విధి వ్రాసెను వారి మోముపై దత్తపది భారతార్థంలో లేక రామాయణార్థంలో ఆసు జాకి జోకరు రమ్మీ
నిజం,టీ షర్టుల మీద చారలు ఎక్కవగా అడ్డంగానే ఎందుకుంటాయి పొట్టిగా ఉన్న వాళ్ళు అడ్డం చారలున్న చొక్కా తొడుక్కుంటే మరింత పొట్టిగా కనబడతారు అయినా అడ్డమే అధికం ఎందుకనో
నిజం,టీ షర్టుల మీద చారలు ఎక్కవగా అడ్డంగానే ఎందుకుంటాయి పొట్టిగా ఉన్న వాళ్ళు అడ్డం చారలున్న చొక్కా తొడుక్కుంటే మరింత పొట్టిగా కనబడతారు అయినా అడ్డమే అధికం ఎందుకనో
నాలో నేను,ఏమిట్రా ఆ కోతి పనులు అందామనిపించి అయ్యో సిడ్నీ లో కదా వున్నాం జర బద్రం కొడకో అని ఎవడో కోతిగాడు హెచ్చరించి నట్టు వుంటే ఎందుకులే అని వూరుకొన్నాను నిజానికి ఆసీల పుట్టు పూర్వొత్తరాల గురుంచి తెలిసిన ఎవ్వడు అలా అనడు తనది ఏ జాతియో ఇప్పటికి పూర్తిగా తెలియని వాళ్ళని పట్టుకొని మరీ జాతి వివక్షత తో మాట్లాడితే వాళ్ళు మాత్రం ఎలా సహిస్తారు ఆ మద్య ఆస్ట్రేలియా ఓరియంటెషన్ కోర్స్ అని ఒక కోతి వెదవ క్లాస్ తీసుకొంటె వెళ్ళి తెలుసుకొన్నది ఏమిటంటె వీళ్ళ తాత ముత్తాతలు ఇంగ్లాడులో దొంగతనాలు చేస్తూ పట్టుబడి ఇక్కడ ఖైదీలుగా తేబడ్డారట వారితో బాటుగా కొందరు బ్రిటీష్ పోలీసులు కూడ కాపలాగ వచ్చారు ముత్తాతలు ఎట్టివారైనా సరే వీళ్ళ తరాలకి పునాది అని ఇప్పటికీ ఎవరైనా వీళ్ళ కుటుంభంలో పూర్వీకులు దొంగలు అని చెప్పుకోవటానికి గర్వపడతారు అది వినగానే అవురా వీళ్ళ గర్వం పాడుగాను అని నా మొబైల్ తీసి జేబులో పెట్టుకొన్నాను ఎందుకైనా మంచిదని అందుకనే ఇప్పటికి వీళ్ళకి ఏ గేములో నైనా ఇంగ్లాండ్ అంటే విరుద్దం వేరే వాళ్ళ మీద యుద్ధానికి వెళ్ళినప్పుడు మాత్రం కాదు అనుకోండి ఇరాక్ యుద్దం అది ఆయిల్ దొంగతనం కి కదా గర్వ పడే చరిత్రే అది అయినప్పుదు ఇక సిగ్గు ఎందుకు ఇక జాతి వివక్షత సంగతికి వస్తే 2003 డిసంబర్ 26 న మెల్బోర్న్ లో మేము రోజంతా సెహవాగ్ బాటింగ్ చేసినప్పుడు వీళ్ళు చేసిన వ్యాఖ్యలు బహుసా మళ్ళీ వాల్లకి చూపించినా నమ్మరేమో అడిలైడ్ టెస్ట్ ఇండియా గెలిచినప్పుడు రోడ్డు మీద తప్ప తాగి ఇక్కడ జనం వాగినది రికార్డ్ చేస్తే తెలిసేదేమో మీడియా వాళ్ళు ఇక్కడ పని కట్టుకొని రోజు ఏదొ ఒక ప్రోగ్రం లో ముంబాయ్ లో మన మూక చేసిన చేస్టలు చూపిస్తూ నక్కలాగ రహస్యంగా చిత్రీకరించనివి వాళ్ళు చేస్తున్న ఆరోపణలను బలపరుచుకొంటున్నారు కాదు కాదు బహుసా ఇక్కడ జనంలో అలజడి సృస్టిస్తున్నారు ఇండియా రివ్యూ అని ముఖ్యంగా మన రోడ్ల మీద తిరుగుతున్న పశువులు చెత్త మురుగు కాలువలు కాస్త గ్రౌండ్ లో పిల్లలు ఆడుతున్న క్రికెట్ ఇదీ వారి చిత్రీకరణ వాళ్ళు ఇవన్నీ చేయటానికి ఒక దేశీ కోతి సహకారం అందించింది నాకు తెలిసి మన వాళ్ళు చాలా మందికి బానిసత్వం ఇంకా పోలేదు అవతల వాడు తెల్ల తొక్క అయితే చాలు ఒంగి పోయి అన్నీ పనులు చేసిపెడతారు డాలరు విలువ కూడ కోతిలా ఆడిస్తుంది ఏది ఏమైనా పరిమితులు దాటితే గతి తప్పినట్టే చిన్నప్పటి నుండి ఎంతో ఆప్యాయమైనా ఆటకి దుస్తితి కలుగుతుంటే చాలా బాధగా వుంది ఈ తతంగంలో నాకు నచ్చినధి మన క్యాప్టెన్ అనిల్ వ్యాఖ్య తన తీరుకి పదవికి పరిణితి వున్న వ్యాఖ్య బక్నర్ బాబాయ్ ని ఏమి అనదలుచుకోలేదు ఎందుకంటె పిలిచి డాలర్లు ఇస్తాం నిల్చో అంటే బెల్ట్ బిగించుకొని వచ్చేసాడు పాపం తనకి మాత్రం ఏమి తెలుసు 67 సం కూడ తనకి వినిపిస్తుందని కనిపిస్తుందని అదీ వరుసగా 5 రోజులు అందరూ ఇంకా ఆసీ స్తున్నారని ఒక రకంగా భజ్జీ కేసు వాళ్ళకే ఎసరు నోరు మూసుకొని అవతల వాడిని కదిలించకుండా ఆడే అలవాటు ఆసీలకి లేదు ఇక ఎప్పుడు నోరు విప్పిన తవ్వుకొన్న గోతిలో పడక తప్పరు సరదాగా వినికిడి ఏమిటంటే బక్నర్ కూడ జాతి వివక్షత ఆరోపణ పెట్టనున్నాడని వ్యాఖ్య చేసిన తర్వాత భజ్జీ ని ప్రక్కకి పిలిచి అడిగాడుట నిజం చెప్పు కోతి అని ఎవరిని అన్నావు వెంటనే భజ్జీ తన స్తైల్ లో అడిగాడుట నిజం చెప్పు బాబాయ్ కనపడక అడుగుతున్నవా లేక వినపడక అని చివరిగా మ్యాచ్ రిఫరీ కోతి వెదవ కాకపోతే అసలే మ్యచ్ లో బాల్ బ్యాట్ ని తాకిందొ ఏది ప్యాడ్ ని తాకిందో తెలియక అంపైర్లు తికమక పడుతుంటే మద్యలో పిలిచి ఓవర్లు మద్యలో వాళ్ళిద్దరు ఏమి పోట్లాడుకొన్నరు అని ఆడిగితే ఏమో మాకు తెలీదు పాంటింగ్ ని అడుగు అనక ఇంకేమి చెపుతారు ఇలా చెప్పుకొంటూ పోతే బోలెడు కోతి కధలు బోలెడు కోతి చేష్టలు మొత్తానికి గత 7 నెలలుగా బ్లాగకుండా వున్న నన్ను కదిలించారు ఈ కోతి వెధవలు
నాన్న,నిజం చెప్పాలంటే కార్యాలయానికి వెళ్ళే రోజుల్లో కొన్ని విషయాలలో చెప్పలేనంత ప్రగతిని సాధించాను కొన్ని ముఖ్యమైన సూక్తాలు నేర్చుకున్నాను అతిముఖ్యమైన ఉపనిషత్తులు నేర్చుకున్నాను తైత్తిరీయ ఆరణ్యకంలోని ప్రథమ ప్రశ్న అరుణప్రశ్న నేర్చుకోగలిగాను నిజం చెప్పాలంటే అరుణ ప్రశ్న చాలా పెద్ద పాఠం తైత్తిరీయ అరణ్యకంలోని సప్తమ అష్టమ నవమ ప్రశ్నలను తైత్తిరీయ ఉపనిషత్ అంటారు అవి శీక్షావల్లి బ్రహ్మానందవల్లి భృగువల్లి తైత్తిర్రియ ఆరణ్యకంలోని పదవ ప్రశ్నని మహా నారాయణ ఉపనిషత్ అంటారు విషయంలోకొస్తే కోవిడ్ నా అభ్యాసాన్ని కూల్చివేసింది అని చెప్పక తప్పదు కోవిడ్ అంతా యూట్యూబ్ చూట్టానికే సరిపోయింది సగం కారణం సమాజంలో కోవిడ్ కంటే దారుణంగా ప్రబలిన అపోహలు అమ్మ భారత్ లో చిక్కుకుపోయి ఉండటం అమ్మ చెప్పే వార్తలు ఉదంతాలు అవి నిజమా అని మన వెతుకులాట కనీసం అమ్మకి చెప్పగలగాలి కదా పలానీ వార్త నిజం అనో నిజం కాదనో ఇంటంచి పనిచెసే రోజుల్లో చేతినిండా గంటలు గంటలు ఖాళీ సమయం ఉన్నా నిమిషం పొల్లుపోకుండా టంచనుగా యూట్యూబ్ చూట్టం జర్నలిస్టు సాయి జర్నలిస్టు జర్నలిస్టు గొట్టంగాడు జర్నలిస్టు బొంగోడు ఇదే కథ అలానే రిపబ్లిక్ న్యూస్ న్యూస్ గాడిద గుడ్డు న్యూస్ జీవితం సరిపోలేదు మొత్తానికి కోవిడ్ మొత్తం యూట్యూబ్ కి అలవాటుపట్టం కోవిడ అయ్యాక వ్యసనంగా మారటం ఒక వరుసలో జరిగిపోయాయి వీటితో నేర్చుకునే సమయాన్నంతా నిర్దాక్షిణ్యంగా చంపేస్తూ అస్సలు సమయం లేదు అనే ఓ నెపంతో భజన నేర్చుకోవాల్సిన అనేక విలువైన పాఠాలు చాలా ఆగిపోయాయి నా వైపు ఆశగా చూస్తూ ఏమో కదిలిస్తాడేమో అని అలా ఆగిపోయినవాటిల్లో ముఖ్యమైనవి మహా నారయణ ఉపనిషత్తు మొదలు పెట్టాను ఆగిపోయింది అచ్ఛిద్రం మొదలు పెట్టాను ఆగిపోయింది అశ్వమేధం మొదలు పెట్టాను ఆగిపోయింది రుద్ర క్రమ పాఠం మధ్యలోకి వచ్చాను ఆగిపోయింది రుద్ర ఘన పాఠం మొదలు పెట్టాను ఆగిపోయింది రుద్ర పాఠానికి పదం క్రమం ఘనం చక్కగా నోట్సు రాసుకుందాం అని మొదలుపెట్టాను అదీ ఆగిపోయింది రుద్ర యంత్రం గీయాలి అనుకున్నా ముందుకు పడలేదు అడుగు కొన్ని పాజిటివ్ ఎనర్జీ యంత్రాలు గీయాలని అనుకున్నా రుద్ర యంత్రం శ్రీ యంత్రం వారాహీ యంత్రం రాజ శ్యామల యంత్రం 2025లో ఆగిపోయిన నా అభ్యాసాన్ని తిరిగి మొదలు పెట్టాలని యూట్యూబ్ చట్రంలో ఇరుక్కుపోయిన పుఱ్ఱెని పట్టుకుని ఒక ఊపు ఊపి నిద్ర లేపాలనీ ఒక ధృడమైన నిర్ణయం తీస్కున్నాను ఇలా నిర్ణయం తీస్కోటానికి కారణం కూడా ఉంది పోయినవారం చదివిన సుభాషితంలోని శ్లోకం శ్లో ఉద్యమేన హి సిద్ధ్యంతి కార్యాణి న మనోరథైః న హి సుప్తస్య సింహస్య ప్రవిశంతి ముఖే మృగాః కేవలం కూర్చుని కలగంటే ఏమీ కాదు లేచి చేస్తేనే ఏదైనా సాధించగలం स ख र थ न क त व द य न स त व द य र थ न स खम स ख र थ व त यज द व द य व द य र थ व त यज त स खम प रथम न र ज त व द य द व त य न र ज त धनम त त य न र ज त प ण य चत र थ क कर ष यस
నాటకాలూ నాటికలు వగైరా వగైరా,అనుకోకుండా ఒక టీ వీ ప్రేక్షకులకు నమస్కారం మేము అనుకోకుండా మొదలు పెట్టిన ఈ టీ వీ ఛానల్ మేమేమీ అనుకోకుండా పాపులర్ అయింది ఈ ఛానల్ అనుకోకుండా తెర మరుగవ్వకుండా వుండాలనే ఉద్దేశ్యం తో మా టీ వీ ప్రొడ్యూసర్ చిలుమే అబీబా జలాండ్రవాజు తన బుర్రలోని బూజు దులిపి తయారు చేసిన సరి కొత్త వినూత్నమైనకార్యక్రమం చిలుమే అబీబా జలాండ్రవాజు అనగానే ఇదేదో ఆఫ్రికన్ పేరు లాగ అనిపించొచ్చు నిజమే జలాండ్రవాజు గారు ఆఫ్రికాలో పుట్టినా మన తెలుగు వారే వాళ్ళ పూర్వీకులయిన విజయ నగర రాజులు అలుపెరగ కుండా రాజ్యాలను జయించుకుంటూ సరిహద్దులు దాటి ఆఫ్రికా చేరుకుని తిరిగి వచ్చే దారి తెలియక అక్కడే స్థిరపడి పోయారు ఇప్పుడు వాళ్ళూరికి విమాన సౌకర్యం రావడం వల్ల మన ఆంధ్ర దేశం మీద అభిమానంతో అక్కడికొచ్చిన మొదటి విమానంలోనే తనకు టికెట్ దొరక్క పోయినా లంచమిచ్చి మన తెలుగు పైలట్ అయిన వాయులింగేశ్వర రావ్ వళ్ళో కూచుని ఇక్కడ హైదరాబాదులో వాలారు ఇక మీరే చూడండి శత్రువులతో ముఖాముఖి నమస్కారం కాలనీ ప్రెసిడెంట్ గారు నమస్కారం దొంగల ముఠా నాయకుడు గారూ మీరు మీ దొంగల సమస్యను దోచుకునే సమస్యను సామరస్య పూర్వకంగా పరిష్కరించు కోవాలనుకుంటున్నందుకు చాలా ధన్యవాదాలు మీ ప్రయత్నాన్ని ముఖ్యమంత్రి గారు కూడా హర్షిస్తున్నారు బహుశా ప్రపంచ చరిత్ర లోనే ఇలా దొంగల ముఠానాయకుడికి ఒక కాలనీ ప్రెసిడెంట్ కు మధ్య చర్చలు జరపడానికి మధ్యవర్తిత్వం వహిస్తున్నందుకు నా జన్మ ధన్యమైంది ఇక మీరు మీ సెల్ ఫోన్ లను ఆF చేసేసి చర్చలకు సిద్ధం కావలసింది గా మనవి చేసుకుంటున్న్నాను సౌలభ్యం కోసం మిమ్మల్ని దొంగ వైపు తిరిగి దొం నా అని కాలనీ ప్రెసిడంటు వైపు తిరిగి మిమ్మల్ని కా ప్రె అని పిలుస్తాను కాలని ప్రెసిడెంట్ నమస్కారం దొంగల నాయకుడు గారూ దొంగల నాయకుడు పాన్ నములుతూ మీసాలు మెలేస్తూ నమస్తే నమస్తే ఇప్పటికైనా తెలిసిందా మా దొంగల దెబ్బేమిటో కా ప్రె వైపు తిరిగి చూడండి జంబులింగం గారు ఇతను ఎలా మాట్లాడుతున్నాడో ఏదో కాంప్రమైజ్ కొచ్చాం కదా అని ఒస్తే ఇలా మాట్లాడం ఎమీ బాగలేదు ఇతను దొంగల నాయకుడు కాక ముందు మా కాలనీ వాళ్ళు ఇతని మక్కలిరగ దీశారనే విషయాన్ని ఇంకా మనసులో ఉంచుకొని మాట్లాడుతున్నాడు ఇలా అయితే నేను బాయ్ కాట్ చేస్తా మీరు ఆవేశపడ కండి ప్రెసిడెంటు గారూ నేను మాట్లాడతాను కదా మీరు కూర్చోండి దొంగల నాయకుడు గారూ మీరు దొంగల ముఠా నాయకుడు కాక ముందు ఈ కాలనీ వాళ్ళు మీ మక్కెలిరగదీశారనే విషయాన్ని మనసులో వుంచుకుని మాట్లాడ కూడదని మనవి చేసుకుంటున్నాను మీరు దొంగల నాయకుడవుతారని తెలియక వాళ్ళప్పుడు చేసిన తప్పు అటువంటివి మనసులో ఉంచుకోవద్దని మనవి చేస్తున్నాను దొం నా అలాగలాగే ఈపారికి ఒదిలేత్తా మీరు మా విన్నపాన్ని మన్నించి నందుకు చాలా థాంక్స్ కా ప్రె గారు చర్చలు ప్రారంభించడానికి ముందు మీ కాలనీ వాళ్ళ బాధలేమిటో వినిపిస్తారా కా ప్రె ఓ తప్పకుండా క్రితం సంవత్సరం వరకు మేము హాయిగా కిష్కింధ టీ వీ లో వచ్చే డబ్బింగ్ సీరియల్సూ గజిబిజి టీ వీ లో ప్రొడ్యూసర్లు కూడా మరిచిపోయిన డబ్బింగ్ సినిమాలు రోజుకు నాలుగు సార్లు వేసినా కూడా చూస్తూ శాంతం ప్రశాంతం టీ వీ లో వచ్చే అలీ బాబా ఇరవై మర్డర్లు ఇరవై రేపులు లాంటి క్రైం ప్రొగ్రాంస్ ఎంజాయ్ చేస్తూ లైఫ్ హ్యప్పీ గా గడిపేవాళ్ళం అలా సాగి పోతున్న మా ఆనంద నగర్ కాలనీ లోకి ఈ పక్క రాస్ట్రం దొంగలు ప్రవేసించి మా ఆనంద నగర్ కాలనీని విషాద నగర్ కాలనీ చేసేశారు ఈ దొంగ వెధవలు దొం నా ఏయ్ ఏంది భే మమ్మల్ని ఎదవలంటున్నావ్ మీరే ఎదవలు కాబట్టే మేమా వూర్నుంచి ఈ వూరొచ్చి హాయిగా బతుకుతున్నాం అయ్యా దొం నా గారు మీరు కొంచెం శాంతించాలి ఇది లైవ్ ప్రొగ్రాం మీరు ఏమిచేసినా మా ప్రేక్షకులకు కనపడుతుంది దొం నా అయితే కాని నాకేం రేపో మాపో అసెంబ్లీ కెళ్ళాల్సినోడిని ఇది మంచి పబ్లిసిటి మీరు కాస్త దయచేసి కూర్చోండి మీరు చెప్పండి కా ప్రె గారూ కా ప్రె అలాగే ఈ దొంగ గారు మళ్ళీ ఇలా మాట్లాడితే ఊరుకునేది లేదు దొం నా ఏం చేస్తావ్ భే లేచి మీద కొస్తాడు పట్టుకుని మళ్ళీ కుర్చీ లో కూచోపెడతాడు కా ప్రె గారూ క్షమించండి మీరు ఆవేశపడకుండా మాట్లాడండి కా ప్రె కోపంతో ఇక నేను మాట్లడేది ఏమీ లేదు నా గురించి అంతా చెప్పేశాను దొం నా గారూ ఇక మీ గురించి కాస్త మా ప్రేక్షకులకు చెబుతారా దొం నా ఆ టీ వీ వూయర్లందరికి నమస్తే ఇక్కడున్న అందరికి కూడా నమస్తే కా ప్రె ని చూపిస్తూ ఈడికి తప్ప కా ప్రె నీ బొడి నమస్తే ఎవడికి కావాలి నువ్విచ్చినా నేను వెనక్కిచ్చేస్తా దొం నా ఏయ్ నాయాలా నువ్వు బయటికి రా నీ సంగతి సెప్తా ప్రేక్షకుల వైపు తిరిగి మీ అందరికి మరొక్కసారి దండాల్ నేను ఈ రాష్ట్రం ఎందుకొచ్చినానో తెలుసా మీరు చానా మంచోళ్ళు ఎవడొచ్చి ఏం చేసినా ఏం అనరు రోజు మీబొక్కలిరగ దీసి డబ్బుల్ దొంగతనం చేస్తే ఏం మాట్లాడర్ మల్లా సంపాయించుకుని మాకు డబ్బులు రడీ చేస్తార్ ఈ పోలీసొళ్ళు కూడా చానా మంచోళ్ళు పక్క రాష్ట్రం దొంగంటే ఇంకా బాగా చూసుకుంటారు అప్పుడప్పుడూ కొంచెం కమీషన్ ఇస్తే చాలు వాళ్ళు ఆ బార్డర్ కు కూడా రారు అందుకే గా బీహార్ నుండి ఇక్కడికొచ్చి సెటిలయినా మా బీహార్ లో అయితే ఇంటికొ గన్నుంటాది అక్కడ జేబులో పెన్ను కన్నా చంకలో గన్నులెక్కువగా ఉంటాయ్ చాలా మంచిది దొం నా గారూ ఇక మీ డిమాండ్లేమిటో తెలుసుకుందాం దొం నా ఓరి నీ యవ్వా నేను చెప్పేది అప్పుడే అయిపోలా ఇంకా ఉంది కొంచెం ఆగు నువ్వా చొక్కా కు గుండీ పెట్టుకో ఏంది మాతో సమానమనుకుంటావా ప్రేక్షకుల వైపు తిరిగి అయినా నాకు తెలీకడుగుతా దొంగతనం చేస్తే తప్పేముంది అది మా వృత్తి రాజకీయ నాయకులు పెద్ద పెద్ద వాటికి కమీషన్ లు తీసుకొని మిమ్మల్ని దోచుకుంటార్ వాళ్ళు కనిపిస్తే వాళ్ళకు సలాములు కొడతార్ గూండా గాళ్ళు రోడ్డు మీదే డబ్బులు గుంజుకుని పోతే అడిగే వాళ్ళుండరు గాళ్ళు రోడ్డు మీదే మర్డర్లు చేసినా రేప్ లు చేసినా అడిగే వాళ్ళుండర్ ఏ పెసిడెంటూ ఎప్పుడన్నా దొంగ తనానికొచ్చినప్పుడు మీ ఆడోళ్ళ మీద చెయ్యేసినామా చెప్పు కా ప్రె లేదని తలూపతాడు అద్గదీ మా నిజాయితీ మీరు మీ జీతాల కోసం ఉద్యోగం చేస్తారు మేము మా జీతాల కోసం దొంగతనం చేస్తాం కా ప్రె ఏంటి మీ జీతాలు మా దగ్గరుంటాయా మా నాయనే మా బాగ సెలవిచ్చావ్ నువ్వు రాజ కీయాల్లోకి వస్తే బాగ సరిపోతావ్ మీ పార్టీ కి గుర్తుగా కత్తీ బ్లేడు పెట్టుకోవచ్చు దొం నా ఏం మేమంత చీప్ గా కనిపిస్తున్నామా అల్రేడీ మా పార్టి కీ గుర్తు గా మీరు జీతాలు తీసుకొనేటప్పుడు సంతకం చేస్తారే గా రెవెన్యూ స్టాంప్ గుర్తు గా కావాలని అప్లికేషన్ పెట్టేసినాం కా ప్రె ఏంటి రెవెన్యూ స్టాంప్ మీ పార్టీ గుర్తా చాలా గొప్ప సందేశం తో పార్టీ పెడుతున్నావ్ దొం నా గారు మీకు చాలా తెలివితేటలు ఉన్నట్టున్నాయి మీరు ఈ ప్రోగ్రాం అయి పోయిన తరువాత ఒక సారి మా ప్రొడ్యూసర్ చిలుమే అబీబా జలాండ్రువాజు ను కలవమని మెసేజ్ పెట్టారు దొం నా మీసాలు మెలేస్తూ అలాగలాగే ఇక చర్చ ప్రారంభిద్దామా మొదటగా దొం నా గారి మాట్లాడతారు దొం నా ఆ నేరుగా పాయింట్లో కొచ్చేస్తా మేము గీ కాలనీ లో దొంగ తనం చెయ్యకుండా ఉండాలంటే వాళ్ళే వారానికోసారి మా డెన్ కు వచ్చి రెండు లచ్చల రూపాయల సున్నా నయా పైసలు డబ్బులియ్యాల కా ప్రె దాంట్లో మళ్ళీ నయపైసలైంది గురువా దొం నా ఏమో నాకు తెల్వదు మా లాయర్ గట్లనే చెప్పమన్నాడు ఏదైనా కరక్టుగా ఉండాలన్నాడు కా ప్రె అమ్మో రెండు లక్షలే మా వల్ల కాదు మా కాలనీలొ ఉన్నదే 150 ఇళ్ళు ఈ లెక్కన నెలకు 600 రూపాయలు మటాష్ దొం నా కోపంగా అలాగయితే మీ 150 ఇళ్ళళ్ళో ఉన్న 150 మంది మగాళ్ళు మటాష్ కా ప్రె గారూ చర్చల కొచ్చినప్పుడు వాళ్ళని రెచ్చ గొట్ట కుండా మాట్లాడాలి కా ప్రె నీ బొంద నీ జీతం డబ్బులిస్తే తెలుస్తుంది కొంపదీసి నీక్కూడా కమిషన్ వస్తుందా జంబులింగం అలాంటిది ఏమీ లేదు దొం నా గారూ మీ డిమాండ్లేమిటో మీరు చెప్పండి దొం నా వారానికి రెండు లచ్చల తో పాటు మా ముఠా లోని అందర్ని నెలకోసారి ఫారిన్ ట్రిప్ తీసుకుపోవాలి కా ప్రె వార్నాయనో నేను నా ఫ్యామిలీ తో తిరుపతి కెళ్ళి మొక్కు తీర్చుకుని గుండు కొట్టిద్దామంటేనే డబ్బుల్లేవ్ కా ప్రె గారు మీరు వారి డిమాండ్లకు ఒప్పుకుంటే మీ జీవితమంతా మీకు గుండే గా దేవుడికి పెద్ద మొక్కు తీర్చుకున్నట్టు ఉంటుంది దొం నా అంతే కాదు మా ముఠా లో ఎవరికి పిల్లలు పుట్టినా మీ కాలని వాళ్ళందరూ వచ్చి మాకు గిప్టులు ఇయ్యాలి కా ప్రె ఒహో దానికేం బాగ్యం మీ ముఠా లో ఎంత మంది మొగ వాళ్ళున్నారు దొం నా ఆ ఎంత మంది ఇరవై ఎన్మిది మంది అంతే కాక పోతే ఒక్కోడికి తక్కువలో తక్కువగా ఓ ఆరుగురు పెండ్లాలుంటారు కా ప్రె ఈ డిమాండ్లకు నేను ఒప్పుకోను కా ప్రె గారు చర్చలన్న తరువాత కొంచెం ఇచ్చి పుచ్చుకోవాలి కా ప్రె ఒరేయ్ జంబులింగం ఏదో చిన్నప్పటి క్లాస్స్ మేట్ వి కదా అని నిన్ను మద్యవర్తి గా పెట్టుకుంటే నాకే క్షవరం చేయిస్తావ్ రా దొం నా ఏయ్ ఎందా మాటలు నా డిమాండ్లింకా అయిపోలా కా ప్రె ఏంటి ఇంకా ఉన్నాయా ఆ మిగిలిన డిమాండ్లు తీర్చడానికి ఎవరుంటారు దొం నా మీరే సెబుతా ఇనుకో మేం పార్టి పెడితే మీ కాలనీ లో ఉన్న ఓట్లన్నిఎ నాకే ఎయ్యాల అంతే కాదు ప్రచారానికి మీ కాలనీ ఓళ్ళందరూ ఆఫీసు కు లీవు పెట్టి నాతో తిరగాల కా ప్రె అయిపోయాయా ఇంక ఏమన్నా మిగిలాయా దొం నా ఒక్కటి మాత్రం చివరికి మిగిలిపోయింది కా ప్రె వేదాంత ధోరణి లో ఆ ఒక్కటి మాత్రం ఏం తప్పు చేసింది నాయనా కానీ దొం నా అబ్బో చెప్పాలంటే నాకే సిగ్గేస్తొంది బాబు సిగ్గు పడతాడు కా ప్రె సిగ్గెందుకు బాబూ చెప్పు రాజకీయాళ్ళోకి వెళ్ళే వాళ్ళకు ఉండకూడనిది అది సిగ్గొదిలి చెప్పు దొం నా గారు మీకు అంత సిగ్గయితే నా చెవిలో చెప్పండి దొం నా చెవిలో ఏదో చెప్పి మెలికలు తిరిగిపోతాడు నవ్వుతూ ఆ ఏం లేదు కా ప్రె గారు ఇది మీ జీతానికి డబ్బులకు సంబంధించింది కాదు ఈ దొం నా గారికి ఇంకా పెళ్ళి కాలేదట కా ప్రె ఓహోఎ ఓ మాంచి సంబంధం చూసి పెళ్ళి చేయాలా అదేం లేదు తనే అమ్మాయిని చూసుకున్నాడట కా ప్రె అయితే ఇంకేం మా కాలని వాళ్ళందరూ ఒక పెద్దా మంగళ సూత్రం చేయించాలంతే కదా అటువంటి దేమీ లేదు మీ కాలనీ లో మీ ఇంటికి దొంగ తనానికి వచ్చినప్పుడు మీ అమ్మాయిని చూసి మనసు పడ్డాడట ఇప్పుడు మీ అమ్మాయిని అతని కివ్వాలంటున్నాడు ధబ్ మని శబ్దం వస్తుంది కా ప్రె కింద పడిపోతాడు టీ వీ వైపు చూసి ఈ కార్యక్రమం లో పాల్గొన్నా దొం నా గారికి కా ప్రె గారికి మా అనుకోకుండా ఒక టీ వీ తరపున ధన్యవాదాలు చిలుమే అబీబా జలాండ్రువాజు తరపున కూడా మీకు లెక్కెర్ ఓం జౌ టీ ఆంట్ మోట్ డంకీ మళ్ళీ ఇలాంటి ఒక కార్యక్రమం తో మీ ముందుకు వస్తాం అంత వరకు సెలవ్
నా మాట చదవండి,
నా మాట,దూరదర్శిని ప్రస్తుతం దర్శించయోగ్యం కానిదిగా మారిపోయింది మురళీ గారు చెప్పినట్టు అమ్మ చేతిలో అలంకృతమై కమ్మని వంటకు కారణం కావలసిన కత్తి హంతకుల చేతిలోనే ఉండిపోతుంది నా చిన్నప్పుడు సాయంత్రం అయ్యేసరికల్లా మా కాలనీలో ఒకే ఒక టీవీ ఉన్న ఇంటివైపు వడివడిగా నడుచుకుంటూ వెళ్ళడం నాకింకా గుర్తుంది కానీ ఇప్పుడు రూంలో ఎదురుగా ఉన్నా చూడలేని దౌర్భాగ్యం మనసుకి ఉల్లాసం కలిగించే కార్యక్రమాలకు కాలం చెల్లపోయింది ముఖ్యంగా గృహిణులపై ఉద్యోగం చెయ్యకుండా ఇంట్లో ఉండే స్త్రీలు అని నా అభిప్రాయం దీని ప్రభావం ఎక్కువగా ఉంటుంది ఇక ప్రసారమయ్యే కార్యక్రమాల సంగతికి వస్తే వినోద సంబందమైనవి కొన్ని వార్తా సంబందమైనవి కొన్ని ఏ రాయి అయితేనేంటి పళ్ళూడగొట్టుకోడానికి సినిమాల కన్నా టీవీలలో వస్తున్న సీరియల్స్ కే మంచి గిరాకీ ఉన్నట్టుంది మేడిపండు చందాన పేర్లు మాత్రం బాగుంటున్నాయి విషయం చూస్తే కేక్ కేక్ అనుబందాలు ఆత్మీయతలు ముడిపడ్డ ఇంట్లో జనమంతా కూర్చుని చూడలేని పాత్రల అల్లికలు అదీ కాకుండా వీవెన్ గారు చెప్పినట్టు ప్రకటనల మద్యలో అప్పుడప్పుడూ కార్యక్రమాలాయె ఇక వార్తా చానళ్ళ విషయానికొస్తే నిరంతర వార్తా స్రవంతి అట పేరు గొప్ప ఊరు దిబ్బ అన్నట్టు ఎలాగోలా వల వేసి ఓ చిన్న చేపను పట్టుకోవడం తమ గొప్పతనాన్ని చాటుకుంటూ దీనినే ఢాంబికం అంటారు ఓ రోజంతా ఆ విషయాన్నే వందసార్లు ప్రసారం చెయ్యడం నిజంగా రోత రోత లేకపోతే సభల్లో మంత్రులు తిట్టుకోవడమో కొట్టుకోవడమో చూపిస్తారు నేరాల కోసం ప్రత్యేకంగా ఒక కార్యక్రమాన్నే కేటాయించారు చదువరి గారు చెప్పినట్టు తింగరి లంగర్ల చేష్టలకు అంతలేకుండా పోతుంది ముఖ్యమైన విషయం మరచిపోయానండీ ఈ మద్యన సినిమాల కన్నా టివీల వలన చాలా ప్రమాదం గోచరిస్తుంది ఇది పిల్లలు కాదు పెద్దలు భయపడే విషయం మనమెవరన్నా చిన్న పిల్లలను సినిమాలకు తీసుకెళ్ళాలంటే సదరు చిత్రంలో అశ్లీలమైనదేదైనా ఉన్నదో లేదో తెలుసుకుని నిర్ణయిస్తాం కానీ టీవి చూస్తున్నప్పుడు అలా కుదరదు ఎప్పుడో అకస్మాత్తుగా ఏ ఆంతరంగిక వస్తువు గురించి ప్రకటనో లేకపోతే ఏదైనా సినిమాలోని అసభ్య సన్నివేశమో కళ్ళ ముందు సాక్షాత్కరిస్తుంది ఇక ఎడారిలో ఒయాసిస్సులా కొద్దో గొప్పో చూడాలనిపించే ఛానల్ ఒకటుందండోయ్ ఈటీవీ2 కొన్ని మంచి కార్యక్రమాలను అందిస్తుంది ఇది నా అభిప్రాయం ఈటీవీ ఈ విషయంలో విలోమంలో ఉంటుంది చివరగా ఎవరినన్నా నొప్పించి ఉంటే క్షమించండి
నా మనసు మధురమైన మనోభావాల సమాహారం,
నా మదిలో,
నా బ్లాగు,మనోబుద్ధ్యహంకార చిత్తాని నాహం నచ శ్రోత్రజిహ్యే నచ ఘ్రాణనేత్రే నచ వ్యోమభూమిః న తేజో న వాయుః చిదానందరూపః శివోహం శివోహం మనస్సు బుద్ది అహంకార చిత్తాలు నేను కాదు శ్రవణ జిహ్వలు గాని చక్షు ఘ్రాణాలు గాని నేను కాదు ఆకాశం వాయువు అగ్ని జలం పృథ్వి ఇవేవి నేను కాదు నిత్యానంద చైతన్య స్వరూపుడను నేను నేనే శివుణ్ణి నేనే శివుణ్ణి నచ ప్రాణసంజ్ఞో నవై పంచ వాయుః న వా సప్త ధాతుర్నవా పంచకోశా న వాక్పాణిపాదౌ నచోపస్థ పాయు చిదానందరూపః శివోహం శివోహం ప్రాణశక్తిని నేను కాదు పంచవాయువులు నేను కాదు శరీరపు సప్తధాతువులు నేను కాదు దాని పంచకోశాలు పాణిపాదాలు రసనం తదితర కర్మేంద్రియాలు ఏవీ నేను కాదు నిత్యానంద చైతన్య స్వరూపుడను నేను నేనే శివుణ్ణి నేనే శివుణ్ణి నమే ద్వేషరాగౌ న మే లోభమోహౌ మదోనైవ మేనైవ మాత్సర్య బావః న ధర్మో న ఛార్థో న కామో న మోక్షః చిదానందరూపః శివోహం శివోహం లోభమోహాలు నాకు లేవు రాగద్వేషాలు నాకు లేవు గర్వం అహంకారం ధర్మం విషయం వాంఛ మోక్షం ఏవీ నాకు లేవు నిత్యానంద చైతన్య స్వరూపుడను నేను నేనే శివుణ్ణి నేనే శివుణ్ణి న పుణ్యం న పాపం న సౌఖ్యం న ధుఃఖం న మంత్రో న తీర్థం న వేదా న యజ్ఙ్నాః అహం భోజనంనైవ భోజ్యం న భోక్తా చిదానందరూపః శివోహం శివోహం వేదయజ్ఙాలు సుఖధుఃఖాలు ధర్మాధర్మాలు మంత్ర తీర్థాలు నాకు తెలియవు నేను అనుభవించే వాడిని కాను అనుభవించదగిన వస్తువును కాను అనుభవింపబడే వాడిని కాను నిత్యానంద చైతన్య స్వరూపుడను నేను నేనే శివుణ్ణి నేనే శివుణ్ణి న మే మృత్యుశంకా న మే జాతి భేదః పితానైవ మేనైవ మాతా న జన్మః న బంధుర్నమితృం గురుర్నైవ శిష్యః చిదానందరూపః శివోహం శివోహం చావు భీతి నాకు లేవు జాతి విచక్షణ లేదు తల్లీతండ్రీ లేరు జన్మయే లేదు బంధుమిత్రులు నాకు లేరు గురువు శిష్యుడు లేరు నిత్యానంద చైతన్య స్వరూపుడను నేను నేనే శివుణ్ణి నేనే శివుణ్ణి అహం నిర్వికల్పో నిరాకరరూపో విభుర్వ్యాప్య సర్వత్ర సర్వేంద్రియాణాం సదా మే సమత్వం న ముక్తిర్నబంధః చిదానందరూపః శివోహం శివోహం నాకు రూపం లేదు కల్పన లేదు సర్వవ్యాపిని సర్వగతుణ్ణి అయినా ఇంద్రియాలకతీతుణ్ణి మోక్షాన్ని కాను జ్ఙేయాన్ని కాను నిత్యానంద చైతన్య స్వరూపుడను నేను నేనే శివుణ్ణి నేనే శివుణ్ణి
404 1,
నా బ్లాగు తెలుగు లొ,స్వాతి ఆంధ్ర భూమి నవ్య అందరికి ఆయుర్వేదం లాంటి తెలుగు ని మీ లో చూడడానికి మొదట మీకు కావలసినవి ఇక్కడ పొందవచ్చు మీరు చెయ్యవలసింది మొదట ని చెయ్యండి స్వాతి ఆంధ్ర భూమి నవ్య అందరికి ఆరోగ్యం లాంటి తెలుగు ఇక్కడ చేసి మీ లోకి కాపీ చెయ్యాలి మీ లో ని చెయ్యాలి మీ ఎకౌంటు లోకి అవ్వండి మీ ఎకౌంటు లోకి లాగిన్ ఐయిన తరువాత మీ ఈ క్రింది విదంగా మీ ని చూస్తారు అందులోనుంచి మీకు కావలసిన ని సెలెక్ట్ చెయ్యండి మీ అయిన తరువాత కుడి వైపు నున్న ని చెయ్యండి అందులో ని చెయ్యండి ఇప్పుడు మీరు డౌన్లోడ్ చేసిన మీ లోని లో ప్రతక్ష్యం అవుతుంది మీ ని లో ఇలా చూడవచ్చు
నా బ్లాగు,అనుకోకుండా ఒకరోజు మిత్రునితో కార్లో వెళ్తూ ఉంటే ఈ భజన వినిపింఛాడు ఎవరిదీ గొంతు అమృతంలా ఉంది అని అడిగాను అతనేమీ ప్లేబాక్ సింగర్ కాదు అలా అని పేపర్లో అతని గురించి చదవలేదు ఫ్రెండ్ దగ్గర సీడీ తీసుకొని గూగుల్లో వెతికాను నాకు ఆ సింగర్ కొత్తేమో కానీ నెట్లో అతనికి బోలెడు ఫాన్స్ ఉన్నారు విక్రం హాజ్రా అని కేవలం భజన్స్ మాత్రమే పాడతాడు ఎంత అద్భుతమైన గొంతో మీరే వినండి ఈ పాటతో మొదలెట్టి ఇంకొన్ని ఆర్ట్ ఆఫ్ లివింగ్ భజన్స్ విన్నాను అన్నీ ఇంత గొప్పగా లేవు కాని కొన్ని పాటలు మాత్రం మార్వలెస్ విన్నా కొద్దీ వినాలనిపించేలా ఉన్నాయి రిషి నిత్య ప్రఙ్య అని ఇంకో సింగర్ కూడా మీరు నెట్ అడిక్ట్స్ ఐతె యూట్యూబ్ లో బోలెడు పాటలు ఉన్నాయి వీళ్ళవి నెట్లో పాటలు వినే అలవాటు లేకుంటే మాత్రం కృస్ణ బై విక్రం హాజ్ర కైలాస్ బై రిషి నిత్య ప్రఙ్య సీడీలు కొనండి అని నా హామీ
నా పలుకు,
నా తెలుగు రాతలు,ఈ మధ్య రాయటం అలవాటు పోవటం వల్లో ఏమో కాని మళ్ళీ మొదలుపెట్టేటప్పటికి ఇప్పటి జనాల రాతల్లో చాలా మార్పులు కనపడుతున్నాయి మా సాంబు గాడిని కదిల్చా ఏరా సాంబా దీనికి కారణం ఏమయి ఉంటుంది అని వాడు తీవ్రమయిన దయ్యం చూపు ఒకటి చూసి ఒరే పక్షీ మార్పు అనేది అసహజం కూర్పు ఎత్తి రాయడం అయితే సహజం ఇది కూడా తెలీదురా నీ ________ అన్నాడు అని ఒక బూతు మాట నాకు గిర గిర గిరికీ ఉరికీ దూచి దుంకీ అయ్యింది ఆ దూచి దుంకి ఏమిటో వచ్చే టపాలో త్యాగ
నా తీపి కలలు పంచుకుంటారా,
నలభయ్యేడు,
ఇవీ నా మదిలోని ఆలోచనలు,ఆ అగ్రాసనమెక్కిన శిల్పాలు నీ సంఘం లో ని శిల్పులు చెక్కినవే నువ్వు కూడా ఓ శిల్పివే నీ చేత కూడా ఓ సమ్మెట పోటు తిన్న శిల్పమే అది ఇప్పుడా శిల్పం అందంగా లేదని సంఘం మీద విరుపెందుకు
,
ఆనంద లహరి నా అంతరంగ తరంగాలు,
ఆంధ్ర ప్రగతి,
403,
అవీ ఇవీ,భారతీయుల్లో చదవడం వచ్చిన ప్రతి ఒక్కరూ చందమామ ఎప్పుడో ఒకప్పుడు చదివే ఉంటారనడం అతిశయోక్తి కాదు అత్యధికులు చందమామను కథల కోసమే చదువుతారు సున్నిత హాస్యంతో విజ్ఞాన వినోదాత్మకమైన చక్కటి చందమామ కథలు చక్రపాణి నిర్దేశకత్వంలో కొడవటిగంటి కుటుంబరావు పెట్టిన ఒరవడిలోనే సాగుతూ తరాలు మారినా పాఠకులను ఇంకా అలరిస్తూనే ఉన్నాయి దాదాపు ఆరు దశాబ్దాలుగా లక్షలాది మంది పిల్లల్ని ఆకట్టుకుంటూ వారిని తనతో ఊహాలోకంలో విహరింపజేస్తున్న చందమామ కథలు వారు సత్ప్రవర్తనతో బాధ్యతాయుతమైన పౌరులుగా ఎదిగేటట్లుగా నిజాయితీ లోకజ్ఞానం నైతిక ప్రవర్తన కృతజ్ఞత వినయం పెద్దల పట్ల గౌరవం ఆత్మాభిమానం పౌరుషం దృఢ సంకల్పం లాంటి మంచి లక్షణాలను అలవరచుకునేలా చేస్తూ వచ్చాయి అంతే కాదు ప్రపంచ సాహిత్యంలోని గొప్ప అంశాలన్నీ చందమామ లో కథలుగా వచ్చాయి భారతం రామాయణం భాగవతం ఉపనిషత్తుల్లోని కొన్ని కథలూ కథా సరిత్సాగరం బేతాళకథలూ పంచతంత్రం బౌద్ధ జాతక కథలు జైన పురాణ కథలు అరేబియన్ నైట్స్ ఇలా విశిష్టమైనవన్నీ మామూలు కథల రూపంలో వచ్చాయి భాసుడు కాళిదాసు ఇంకా ఇతర సంస్కృత రచయితల నాటకాలూ షేక్ స్పియర్ అనువాదాలు ఎన్నిటినో పాఠకులు చదవగలిగారు ఇవికాక గ్రీక్ పురాణాలైన ఇలియడ్ ఒడిస్సే వివిధ దేశాల జానపద కథలూ పురాణ కథలూ ప్రపంచ సాహిత్యంలోని అద్భుత కావ్యగాథలూ అన్నీ చందమామ లో సులభమైన భాషలో వచ్చాయి పురాణాలే గాక ఇతర సాహిత్య రత్నాలైన కావ్యాలు శిలప్పదిగారం మణిమేఖలై లాంటివి కూడా వచ్చాయి చందమామ ఆఫీసులో అన్ని ప్రపంచదేశాల జానపద కథలూ ఉండేవి చందమామకున్నటువంటి లైబ్రరీ మరెక్కడా లేదు కొడవటిగంటి కుటుంబరావు ఏ కథనైనా మన దేశానికీ తెలుగు భాషకూ సరిపోయేట్టు మలిచి రాసేవాడు చందమామలోని మరో ప్రత్యేకత తేనెలూరే తియ్యటి తెలుగు కల్పిత బేతాళ కథలు చందమామలోని మరో ప్రత్యేకత సాధారణమైన పిల్లల కథల్లోంచి కథ చివర ప్రతి నెలా ఒక చిక్కు ప్రశ్నను సృష్టించడం దానికి చక్కటి సమాధానం చెప్పించడం సాధారణమైన విషయం కాదు కష్టతరమైన ఈ పనిని దశాబ్దాల పాటు నిరాఘాటంగా కొనసాగించడం చందమామ నిబద్ధతకు నిదర్శనం తర్వాతి కాలంలో ఇదే ఒరవడిలో బొమ్మరిల్లు లాంటి మరికొన్ని పిల్లల పత్రికలు కరాళ కథలు లాంటి పేర్లతో శీర్షికలు ప్రారంభించాయి ఇతర భాషల్లో చందమామ సంస్కృత సంచికచందమామ ప్రస్తుతం తెలుగు జూలై 1947 నుంచి తమిళం ఆగస్ట్ 1947 అంబులిమామ కన్నడం 1948 హిందీ 1949 చందామామ మరాఠీ 1952 చాందోబా మలయాళం 1952 అంబిలి అమ్మావన్ గుజరాతీ 1954 ఇంగ్లీషు 1955 ఒరియా 1956 బెంగాలీ 1972 సింధీ 1975 అస్సామీ 1976 సంస్కృత 1979 భాషల్లోనే గాక ఆగస్ట్ 2004 నుంచి సంతాలీ చందొమామొ అనే గిరిజన భాషలో కూడా వెలువడుతోంది మొత్తం పదమూడు భాషలు ఒక గిరిజన భాషలో వెలువడుతున్న మొట్టమొదటి పిల్లల పత్రిక చందమామ కావడం విశేషం సింధీ లో 1975 లో మొదలై కొంత కాలం నడిచి ఆగిపోయింది గురుముఖి పంజాబి భాష యొక్క లిపి మరియు సింహళ 1978 అంబిలిమామ లో కూడ కొంత కాలం నడిచింది పంజాబ్ మరియు శ్రీలంక ఘర్షణల తర్వాత ఆ భాషల్లొ ప్రచురణ నిలచిపొయింది చందమామను చూసి ముచ్చటపడిన అప్పటి శ్రీలంక ప్రధాన మంత్రి కొన్ని నెలల పాటు సింహళ సంచికకు కథలు కూడా అందించారు అంధుల కోసం 4 భాషల్లో బ్రెయిలీ లిపిలో 1980 ఇంగ్లీషు తమిళం హిందీ మరాఠి కూడా కొంత కాలం నడిచి 1998లో ఆగిపోయింది 2004 సంవత్సరం నుంచి తెలుగు మరియు ఇంగ్లీషు బ్రెయిలీ లిపి సంచికలు తిరిగి ప్రచురించడం మొదలయ్యింది అమెరికా కెనడా దేశాల్లో నివసిస్తున్న ప్రవాసాంధ్రుల కోసం ద్విభాషా ఎడిషన్ ఒకే పుస్తకంలో రెండు భాషల చందమామ లు తెలుగు ఇంగ్లీషు తమిళం ఇంగ్లీషు హిందీ ఇంగ్లీషు భాషల్లో వెలువడుతున్నాయి గుజరాతి ఇంగ్లీషు ద్విభాషా పత్రిక కూడా విడుదల చేయడానికి ప్రణాలిక సిద్ధం చేస్తున్నారు ఇక సింగపూరు లోని పాఠకుల కోసం ప్రత్యేకంగా అంబులిమామ పేరుతో ఇంగ్లీషు తమిళ భాషల్లో ద్విభాషా ఎడిషన్ వెలువడుతోంది మొదట్లో ఒరిజినల్ సంచిక తెలుగులో తయారయేది అది పై నెలలో తమిళ కన్నడ హిందీ భాషల్లో వచ్చేది ఎందుకంటే ఆ ఎడిటర్లకు తెలుగు చదవడం వచ్చు ఆ తరవాతి నెలలో తమిళంనుంచి మలయాళంలోకీ హిందీ నుంచి మరాఠీ గుజరాతీల్లోకీ అనువాదం అయేది అంటే ఉదాహరణకు మార్చ్ లో విడుదలైన వివిధ సంచికలు తీసుకుంటే తెలుగులో సరికొత్త కథలూ తమిళ కన్నడ హిందీల్లో ఫిబ్రవరిలో అచ్చయిన తెలుగు కథలూ తక్కిన వాటిల్లో జనవరిలో అచ్చయిన తెలుగు కథలూ పడేవి ఏ భాషకా భాషలో వరస తప్పకుండా సంచికలు వచ్చేవి కనక ఎవరికీ ఇబ్బంది ఉండేది కాదు ఇతర భాషల పాఠకులకు తెలుగే ఒరిజినల్ అని తెలిసేది కూడా కాదు తమిళంలో అంబులిమామా మలయాళంలో అంబిలి అమ్మావన్ మరాఠీలో చాందోబా ఇలా ప్రతిదీ దేనికదిగా పాప్యులర్ పత్రికలైపోయాయి అయితే 1990ల నుంచి ముఖ్యంగా మనోజ్ దాస్ రచనలు ఎక్కువయ్యే కొద్దీ ఈ వరస తిరగబడింది ఆయన చేసే రచనలు ముందుగా ఒరియా ఇంగ్లీషు భాషల్లోనూ ఆ తర్వాత తెలుగుతో సహా ఇతర భాషల్లోనూ వస్తున్నాయి చందమామ రచయితలు దాసరి సుబ్రహ్మణ్యం ఎడమ చివర కుటుంబ రావు కుడి చివర మరొక కొలీగ్ మధ్య కొడవటిగంటి కుటుంబరావు 1952 నుంచి 1980 లో తాను చనిపోయే వరకూ చందమామకు పేరు లేని సంపాదకుడిగా విశేషమైన కృషి చేశాడు తన నమ్మకాలూ ఆదర్శాలూ ఎటువంటివైనా పురాణ గాథల్నీ ఇతర ప్రపంచ సాహిత్యాన్నీ తేట తెలుగులో పిల్లలకు అందించడానికి ఆయన చేసిన కృషి అమోఘం రకరకాల మారుపేర్లతో కథలు శీర్షికలన్నీ ఆయనే రాసేవాడు మొదట్లో బయటి రచయితలు పంపిన కథలవంటివి దాదాపుగా ఏవీ ఉండేవి కావు ఒకవేళ ఎవరైనా స్వంతంగా కథలు రాసి పంపినా అందులో సెలెక్టయిన వాటిని అవసరమనిపిస్తే కొడవటిగంటి కుటుంబరావు మెరుగుపరిచి తిరగరాసేవాడు మరే భాషలోనైనా ఎవరైనా కథ పంపితే అది క్లుప్తంగా ఏ ఇంగ్లీషులోకో అనువాదం అయి వచ్చేది అది నచ్చితే తెలుగులో తిరగరాయబడి మళ్ళీ మామూలు ప్రోసెస్ ద్వారా అన్ని భాషల్లోకీ తర్జుమా అయేది 1970ల తరవాత బైటినుంచి రచనలు రావడం వాటిని సంస్కరించి ప్రచురించడం ఎక్కువైంది క్లుప్తంగా ఏ విధమైన యాసా చోటు చేసుకోకుండా సూటిగా సాగే కుటుంబరావు శైలిని చక్రపాణి గాంధీగారి భాష అని మెచ్చుకునేవాడట ఇంకెవరు రాసినా ఆయనకు నచ్చేది కాదు ఒక దశలో పురాణం సుబ్రహ్మణ్యశర్మ చందమామ లో చేరదామనుకున్నా అది ఎందుచేతనో జరగలేదు విద్వాన్ విశ్వం మొదట్లో చందమామలో కథలతో బాటు గేయాలు గేయకథలు కూడా వస్తూ ఉండేవి అప్పట్లో చందమామలో ద్విపద కావ్యం రూపంలో వచ్చిన పంచతంత్ర కథలను వ్రాసింది విద్వాన్ విశ్వం తర్వాతి కాలంలో ఈ కథలను ఆయన చేతే చక్కటి వాడుక భాషలోకి మార్చి చందమామలో ప్రచురించారు చందమామలో ఈ కథలకు బొమ్మలు వేసింది వడ్డాది పాపయ్య కాగా ఈ కథలను ద్విపద రూపంలోనూ వచనరూపంలోనూ టి టి డి వాళ్ళు ఒకే పుస్తకంగా ప్రచురించినప్పుడు బాపు చేత బొమ్మలు వేయించారు ఉత్పల సత్యనారాయణ ఇటీవల కేంద్ర సాహిత్య అకాడెమీ బహుమతి పొందిన ఈయన చందమామలో వ్రాసిన గేయాలు సుప్రసిద్ధం వడ్డాది పాపయ్య వపా కేవలం చిత్రకారుడే కాదు రచయిత కూడా కొడవటిగంటి కుటుంబరావు మొదలు పెట్టిన దేవీభాగవతం కథలను పూర్తి చేసింది ఆయనే విష్ణుకథ పౌరాణిక సీరియల్ కూడా ఆయన వ్రాసిందే దాసరి సుబ్రహ్మణ్యం చందమామలో దాదాపు మొదటినుంచీ ఉన్నవారిలో దాసరి సుబ్రహ్మణ్యం గారొకరు మొదటి రంగుల సీరియల్ ఆయన స్పెషాలిటీ తోకచుక్క మకరదేవత ముగ్గురు మాంత్రికులు మొదలైన అద్భుతాల నవలలన్నీ ఆయనవే ఎందుచేతనో చక్రపాణికి ఈ తరహా రచనలు నచ్చేవి కావు పాఠకులకు మాత్రం అవి చాలా నచ్చేవి ఒక దశలో వాటిని మాన్పించి బంకించంద్ర నవలను ప్రవేశపెట్టగానే సర్క్యులేషన్ తగ్గింది దాంతో దాసరివారికి మళ్ళీ పనిపడింది చక్రపాణిగారి టేస్టూ పాఠకుల టేస్టూ వేరువేరని రుజువయింది ఏ సి సర్కార్ ప్రజల్లో బాగా పాతుకుపోయిన మూఢనమ్మకాలను తొలగించడానికి కొడవటిగంటి కుటుంబరావు చందమామ ద్వారా ప్రయత్నాలు చేశారు మహిమల పేరుతో అమాయక ప్రజలను మోసగించే వారి గుట్టుమట్లను బయట పెడుతూ ప్రత్యేకంగా ఏ సి సర్కార్ అనే ఐంద్రజాలికుడి చేత ఆసక్తికరమైన కథలు వ్రాయించారు వసుంధర ఒక్క చందమామ లోనే వెయ్యికి పైగా కథలు రాసిన ఘనత వీరిది మాచిరాజు కామేశ్వరరావు చందమామలో దాదాపు గత ఇరవయ్యేళ్ళ కాలంలో వచ్చిన దయ్యాలు పిశాచాల కథలన్నీ ఈయన రాసినవే మనోజ్ దాస్ ప్రస్తుతం భారత దేశంలో చిన్నపిల్లల కోసం రచనలు చేస్తున్న వారిలో అగ్రగణ్యుడు మాతృభాష అయిన ఒరియా మరియు ఇంగ్లీషు భాషల్లో విరివిగా వ్రాయడమే గాక చందమామ కోసం వివిధ దేశాల జానపద పురాణ గాథలను అనువదించాడు చందమామ చిత్రకారులు చందమామ తెలుగు సంచిక ముఖ చిత్రము చందమామ కు ప్రత్యేకత రావడానికి బొమ్మలు చాలా దోహదం చేశాయి చక్రపాణి అంతవరకూ ఏ పత్రికలోనూ లేని విధంగా చందమామలో ప్రతి పేజీ లోనూ ఒక బొమ్మ వచ్చేటట్లు కథ సరిగ్గా గీత గీసినట్లు బొమ్మ దగ్గరే ముగిసేటట్లు శ్రద్ధ తీసుకున్నాడు తర్వాత ప్రారంభమైన పిల్లల పత్రికలన్నీ ఇదే పద్ధతిని అనుసరిస్తున్నాయి చందమామలో బొమ్మలు వేసిన కొందరు ప్రముఖ చిత్రకారులు వడ్డాది పాపయ్య ఒక్క ఇంగ్లీషు తప్ప మిగిలిన భాషలన్నిట్లోనూ ముఖచిత్రాలు వడ్డాది పాపయ్య గీసినవే ఎం టి వి ఆచార్య 1952 ప్రాంతాల్లో ఎం టి వి ఆచార్యగారు చందమామ లో ఆర్టిస్టుగా చేరారు మహాభారతం అట్టచివరి బొమ్మకూ అట్టమీది బొమ్మకూ ఆయన అద్భుతమైన బొమ్మలు గీశారు ఆయనకు మనుషుల ఎనాటమీ క్షుణ్ణంగా తెలుసు సుమారు 20 ఏళ్ళ పాటు కొనసాగిన మహాభారతం సీరియల్ కు ఆయన వివిధ పాత్రల ముఖాలు ఏ మాత్రమూ మార్పు లేకుండా చిత్రీకరించారు అందరూ బుర్రమీసాల మహావీరులే అయినా ధర్మరాజు భీముడు అర్జునుడు దుర్యోధనుడు ఇలా ప్రతి ఒక్కరినీ బొమ్మ చూడగానే పోల్చడం వీలయేది భీష్ముడికి తెల్ల గడ్డమూ బట్టతలా ఆయనే మొదటగా గీశారు భీష్మ సినిమాలో ఎన్ టి రామారావు ఆహార్యమంతా చందమామ లో ఆయన వేసిన బొమ్మల నుంచి తీసుకున్నదే ఆ తరవాత ఆయన వ్యక్తిగత కారణాలవల్ల బెంగుళూరుకు వెళ్ళిపోయారు చిత్రా టి వి రాఘవన్ మొదట్లో చందమామ కు చిత్రా ప్రధాన ఆర్టిస్టుగా ఉండేవారు ప్రారంభ సంచిక ముఖచిత్రం ఆయనదే చిత్రాగారు చిత్రకళ నేర్చుకోలేదు స్వంతంగా ప్రాక్టీసు చేశారు ఆయన మంచి ఫోటోగ్రాఫరట ఒక సందర్భంలో బాపూ చిత్రాగారి బొమ్మలు తన కిష్టమనీ గాలిలో ఎగిరే ఉత్తరీయం గీసే ఆయన పద్ధతి తనకు నచ్చుతుందనీ అన్నారు అమెరికన్ కామిక్స్ చందమామ ఆఫీసులో చాలా ఉండేవి వివిధ దేశాలవారి డ్రస్సులనూ వెనకాల బిల్డింగుల వివరాలనూ చిత్రా వాటినుంచి తీసుకునేవారు ఈ కారణంగా విదేశీ కథలన్నీ సామాన్యంగా ఆయనకే ఇచ్చేవారు దాసరివారి సీరియల్ కు చిత్రాగారి బొమ్మలు ప్రత్యేక ఆకర్షణగా ఉండేవి అప్పుడప్పుడూ ఆయన బొమ్మల కోసమేనేమో అన్నట్టుగా సుబ్రహమణ్యంగారు మూడు కళ్ళూ నాలుగు తలలూ ఉన్న వికృతాకారుడు మొదలైన పాత్రలను కథలో ప్రవేశపెట్టేవారు మొసలి దుస్తులవాళ్ళూ భల్లూకరాయుళ్ళూ చిత్రాగారి బొమ్మలవల్ల ఆకర్షణీయంగా కనబడేవారు శంకర్ బేతాళుడు ఆవహించిన శవాన్ని భుజాన వేసుకుని ఒక చేత్తో కత్తి దూసి చురుకైన కళ్ళతో చుట్టూ చూస్తూ ముందుకు అడుగేస్తున్న విక్రమార్కుడి బొమ్మను చూడగానే ఎవరైనా ఇట్టే చెపేస్తారు అది చందమామలోని బేతాళ కథకు శంకర్ వేసిన బొమ్మ అని తమిళనాడుకు చెందిన ఆయన ఆర్ట్ స్కూల్లో చిత్రకళ నేర్చుకుని వచ్చిన వాడు టూరిస్టు వింతలవంటి ఒక పేజీ విషయాలకు ఫోటోను చూసి చిత్రీకరించడం ఆయన ప్రత్యేకత మొత్తం మీద వీరిద్దరూ డిటెయిల్స్ తో కథలకు బొమ్మలు వేసే పధతిని ప్రవేశపెట్టారు అప్పుడప్పుడూ యువ దీపావళి సంచికల్లో కూడా కథలకు వీరు చిత్రాలు గీసేవారు బాపూ కొన్ని సంచికలకు బాపూ కూడా బొమ్మలు వేశారు చందమామ ఫార్మాట్ లో గీసినా ఆయన తన శైలిని మార్చుకోలేదు ఉత్పల సత్యనారాయణాచార్యగారి గేయ కథలకు ఆయన మంచి బొమ్మలు గీశారు జయ వీరా రాజి లాంటి మరి కొందరు చిత్రకారులు చందమామలో ఎక్కువగా బొమ్మలు వేసే వారు ప్రెస్సు చందమామ ప్రెస్సును వీక్షిస్తున్న ప్రముఖులు కుడి చివర కుటుంబరావు చందమామ అందంగా రూపొందడానికి గల మరో కారణం నాణ్యమైన ముద్రణ బి నాగిరెడ్డి తన తమ్ముడైన బి ఎన్ కొండారెడ్డి ఈయన మల్లీశ్వరి లాంటి కొన్ని సినిమాలకు కెమెరామాన్ గా పని చేశాడు పేరుతో నడుపుతున్న బి ఎన్ కె ప్రెస్సులోనే మొదటి నుంచీ చందమామ ముద్రణ జరుగుతోంది నాగిరెడ్డిగారు అతి ప్రతిభావంతంగా నడిపిన బి ఎన్ కె ప్రెస్ చందమామ ను అందంగా ముద్రిస్తూ ఉండేది ఎన్నో కొత్త రకం అచ్చు యంత్రాలను మనదేశంలో మొట్టమొదటగా నాగిరెడ్డిగారే కొని వాడడం మొదలెట్టారు ఈ విధంగా చక్రపాణిగారి సాఫ్ట్ వేర్ కు నాగిరెడ్డిగారి హార్డ్ వేర్ తోడై చందమామ ను విజయవంతంగా తీర్చిదిద్దింది అసలు చక్రపాణికి నాగి రెడ్డి పరిచయమయిందీ ఈ ప్రెస్సులోనే శరత్ వ్రాసిన బెంగాలీ నవలలకు తాను చేసిన తెలుగు అనువాదాలను ప్రచురించే పని మీద చక్రపాణి అక్కడికి వచ్చాడు తర్వాత నాగిరెడ్డి చక్రపాణి పేర్లు స్నేహానికి పర్యాయ పదంగా నిలిచి పోవడం చరిత్ర సంపాదకులు ప్రచురణకర్తలు చందమామ ప్రస్తుత సంపాదకుడు విశ్వనాథ రెడ్డి విశ్వం చందమామ సంస్థాపకుడు చక్రపాణి కాగా సంచాలకుడు నాగిరెడ్డి చందమామ స్థాపించాలనే ఆలోచన పూర్తిగా చక్రపాణిదే 1975లో తాను చనిపోయే వరకూ చందమామ వ్యవహారాలన్నీ ఆయనే చూసుకునేవాడు ఆ తర్వాత బి విశ్వనాథరెడ్డి ఆ బాధ్యతలను తీసుకున్నాడు అయితే 1980 వరకు పేరు లేని ఎడిటర్ గా కొ కు చేసిన కృషిని ప్రత్యేకంగా చెప్పుకోవాలి సంపాదక వర్గ సలహాదార్లు చందమామ ఇండియా లిమిటెడ్ ఏర్పడిన తర్వాత భారత దేశంలో పిల్లల కోసం రచనలు చేసే ఇద్దరు ప్రముఖ రచయితల్ని సంపాదక వర్గ సలహాదార్లుగా తీసుకుంది వారు మనోజ్ దాస్ రస్కిన్ బాండ్ వీరిద్దరూ అంతకు చాలా కాలం క్రితం నుంచి చందమామలో రాస్తున్నవారే రస్కిన్ బాండ్ కథలు ఆంగ్లంలో మాత్రమే వస్తూండగా దాస్ రచనలు అన్ని భాషల పాఠకులకు సుపరిచితాలు ఇతర పత్రికలు జూనియర్ చందమామ తొమ్మిదేళ్ల లోపు పిల్లల కోసం చందమామ ప్రత్యేకంగా ఆంగ్లంలో ప్రచురిస్తున్న మాస పత్రిక గతంలో చందమామ ప్రచురణకర్తలు వెలువరించిన కొన్ని పత్రికలు విజయ చిత్ర సినిమా వారపత్రిక వనిత మహిళల మాసపత్రిక జూనియర్ క్వెస్ట్ పిల్లలకోసం ఇంగ్లీషు లో స్పూత్నిక్ పిల్లలకోసం ఇంగ్లీషు లో ది హెరిటేజ్ మనోజ్ దాస్ సంపాదకత్వంలో భారతీయ సాంస్కృతిక వైభవాన్ని గురించి తెలియజేసే ఆంగ్ల మాసపత్రిక చందమామ బుక్స్ చందమామలో వచ్చిన కథల్లో ఎంపిక చేసిన వాటిని చందమామ బుక్స్ పేరిట చిన్న చిన్న పుస్తకాలుగా విడుదల చేస్తున్నారు ప్రస్తుతం ఇవి ఆంగ్లభాష లోనే లభ్యమౌతున్నాయి ఆట బొమ్మలు పిల్లల సంపూర్ణ మనోవికాసానికి తోడ్పడే ప్రయత్నంలో భాగంగా వారికి కేవలం మంచి సాహిత్యాన్ని అందించడానికే పరిమితం కాకుండా కడిల్స్ పేరిట సాఫ్ట్ టాయ్స్ చందమామ టాయ్ ట్రానిక్స్ పేరిట ఎలక్ట్రానిక్ ఆట వస్తువులను కూడా ఉత్పత్తి చేశారు చందమామ ఇండియా లిమిటెడ్ 1998 అక్టోబరు నెలలో అనివార్య పరిస్థితుల్లో ప్రచురణ ఆగిపోయిన చందమామ 1999 డిసెంబరు నెలలో తిరిగి మొదలైంది మోర్గాన్ స్టాన్లీ మేనేజింగ్ డైరెక్టర్ వినోద్ సేథి కార్వీ కన్సల్టెంట్స్ కు చెందిన సుధీర్ రావు ఫైనాన్షియల్ కన్సల్టెంట్ ఎస్ నీలకంఠన్ ప్రముఖ చిత్రకారుడు ఉత్తమ్ కుమార్ మార్కెటింగ్ నిపుణుడు మధుసూదన్ లు చందమామ పునస్థాపనకు మూల కారకులు అప్పటి వరకూ పూర్తిగా బి నాగిరెడ్డి కుటుంబ సభ్యులకే పరిమితమై ఉన్న చందమామ ప్రచురణ మరియు నిర్వహణ హక్కులు కొత్తగా స్థాపించబడిన చందమామ ఇండియా లిమిటెడ్ కు బదిలీ చేయబడ్డాయి అందులో బి నాగిరెడ్డి కుమారుడైన బి విశ్వనాథరెడ్డి ఆయన కుటుంబ సభ్యులకు 40 వాటా వినోద్ సేథి సుధీర్ రావు ఇతరులకు 60 వాటా ఇవ్వబడ్డాయి బి విశ్వనాథరెడ్డి విశ్వం చందమామ సంపాదకుడుగానూ ప్రచురణకర్తగానూ చందమామ ఇండియా లిమిటెడ్ మానేజింగ్ డైరెక్టర్ గానూ కొనసాగుతున్నాడు చందమామ సిండికేషన్ చందమామ ప్రత్యేకతలుగా గుర్తింపు పొందిన కథన శైలి సాంకేతిక నైపుణ్యాలను రంగరించి పంచతంత్రం జాతక కథలు లాంటివాటిని బొమ్మల కథలుగా రూపొందించి ఇతర పత్రికలకు అందజేయడానికి సిండికేషన్ ద్వారా ముందుకు వచ్చింది చందమామ తెలుగు మరియు ఇతర భాషల్లో అనేక పత్రికలు ఈ అవకాశాన్ని వినియోగించుకున్నాయి మరికొన్ని విశేషాలు ఆధునిక ప్రసారమాధ్యమాల్లో చందమామ 1960 ప్రాంతంలో పాఠకులను విశేషంగా ఆకట్టుకున్న పరోపకారి పాపన్న కథలు నాలుగేళ్ళ క్రితం దూరదర్శన్ లో ధారావాహిక గా వచ్చాయి చందమామ సంపాదకుల వ్యాఖ్యలు బాలసాహిత్యం పిల్లల మెదడులో కొన్ని మౌలికమైన భావనలను బలంగా నాటాలి ధైర్యసాహసాలూ నిజాయితీ స్నేహపాత్రత త్యాగబుద్ధీ కార్యదీక్షా న్యాయమూ మొదలైనవి జయించటం ద్వారా సంతృప్తిని కలిగించే కథలు ఎంత అవాస్తవంగా ఉన్నా పిల్లల మనస్సులకు చాలా మేలుచేస్తాయి పిల్లలలో దౌర్బల్యాన్ని పెంపొందించేది మంచి బాలసాహిత్యం కాదు దేవుడి మీద భక్తినీ మతవిశ్వాసాలనూ ప్రచారం చెయ్యటానికే రచించిన కథలు పిల్లలకు చెప్పటం అంత మంచిది కాదు కథలో నెగ్గవలసినది మనుష్య యత్నమూ మనిషి సద్బుద్ధీనూ కొడవటిగంటి కుటుంబరావు ప్రతి ఒక్కరికీ తమ సంస్కృతీ సంప్రదాయాలను గురించిన ప్రాథమిక అవగాహన కలిగి ఉండడం తప్పనిసరి ఘనమైన భారతీయ సాంస్కృతిక వారసత్వ సంపదను పదిలపరచి ఒక తరాన్నుంచి ఇంకో తరానికి అందించడమే లక్ష్యంగా చందమామ పని చేస్తోది గతానికీ వర్తమానానికీ మధ్య వారధిగా నిలుస్తోంది బి విశ్వనాథరెడ్డి విశ్వం చందమామకు ప్రముఖుల ప్రశంసలు చందమామను నా చేత కూడా చదివిస్తున్నారు హాయిగా ఉంటుంది పత్రిక రావడం ఆలస్యమైతే కొట్టు వాడితో దెబ్బలాడతా ఇంకా రాలేదేమని కవి సామ్రాట్ విశ్వనాథ సత్యనారాయణ టూకీగా చందమామ లోగో పేరు రాజా ర్యాబిట్ రాజ కుందేలు
అవీ ఇవీ,రెండేండ్ల కిందట నేను పదిరోజుల్లో కన్నడం పుస్తకం రాస్తానని చెప్పి ముందస్తు ఆర్డర్ల కోసం ప్రకటన ఇస్తే ఔత్సాహికులు పొలోమని ఆర్డర్లిచ్చేశారు వాళ్ళ ఉత్సాహాన్ని జోకొట్టి పడుకోబెట్టింది ఇన్నాళ్ళూ నాలో సహజసిద్ధంగా ఉన్న బద్ధకం ఐతే ఈమధ్యకాలంలో నా కన్నడ పరిజ్ఞానం విపరీతంగా పెరిగిపోయి నాకు నిజంగానే కన్నడం కొద్దికొద్దిగా అర్థమైపోతోందేమోనని చాలా రొంబ తుంబ డౌటనుమానం కూడా వచ్చేస్తోంది దాన్ని నిర్ధారించుకోవడానికే ఇదిగో ఇలా బ్రహ్మాండమైన విడుదల స్వీయవిరచిత పదిరోజుల్లో కన్నడం పుస్తకం లోని మొదటి చాప్టరు మొదటి చాప్టరు వుండవలె ఏం లేదండీ మన భారతీయ భాషలన్నీ కొద్దో గొప్పో సంస్కృత భాష యొక్క ప్రభావానికి లోనైనవే ఆమాటకొస్తే ఒక్క భారతీయ భాషలే కాదు మన దేశం బయట కూడా లాటిన్ గ్రీకు లాంటి భాషల్లోని కొన్ని పదాలను గమనిస్తే సంస్కృత భాషలోని అదే అర్థం గల పదాలతో సారూప్యం కొట్టొచ్చినట్లు కనబడుతుంది జనని సంస్కృతము ఎల్ల భాషలకు అని ఊరికే అనలేదు పుట్టపర్తి వారు ఒక ఇంటర్వ్యూలో ఇలా అన్నారు నాకు తెలిసినంతలో అన్ని భాషల తత్త్వం ఒక్కటే సంస్కృతం ఒకటి బాగా వచ్చినట్లయితే ఇండో యూరోపియన్ లాంగ్వేజెస్ లో ఏ భాషైనప్పటికిన్నీ కూడా సులభంగా మనిషికి అర్థమవుతుంది మనిషి నేర్చుకోవచ్చును మొదలైన ఈ భాషలన్నీకూడా సంస్కృతంతో సంబంధం ఉండేటటువంటి భాషలే ఉత్తర హిందుస్థానంలో అనేకమైన భాషలు సంస్కృతంతో సంబంధం ఉండేవే సంస్కృతాన్ని బాగా చదువుకోవాలి అయితే వాడికి వుండవలె అది లేకపోతే కష్టం భాషా శాస్త్రానికి సంబంధించిన అవుట్ లుక్ ఉండినట్లైతే సంస్కృతమును పరినిష్ణాతంగా నేర్చుకున్నవాడు ఏ భాషనైనప్పటికినీ సులభంగా నేర్చుకోవచ్చును ఇండో యూరోపియన్ కుటుంబానికి చెందిన ఉత్తర భారతదేశ భాషలతో బాటే ద్రవిడభాషల మీద కూడా సంస్కృత ప్రభావం గణనీయంగానే ఉంది తెలుగు కన్నడ తమిళ మలయాళ భాషల్లో 30 35 శాతం పదాలు సంస్కృతం నుంచి వచ్చినవే సంస్కృత పదాలను తెలుగులో చేర్చుకునేటప్పుడు వాటి మీద తెలుగు ముద్దరేసి మరీ కలుపుకోవడం ఆచారం ఇంగ్లీషు మ్లేచ్ఛభాష గదా అందుకే దానికి మన ఆచారాలు పద్దేశాలు పట్టవు ఇంగ్లీషు పదాలు కాళ్ళైనా కడుక్కోకుండా నేరుగా వచ్చి పంక్తిలో కూర్చుంటాయి ఆ తెలుగు ముద్రకు నాలుగు రూపాలున్నాయి అవి డు ము వు లు నాకు తెలిసి మిగతా ఏ భాషలూ ఇంత స్పష్టమైన ముద్రికలను తయారుచేసుకోలేదు ఈ ముద్రాక్షరాలు సంస్కృతపదాల చివర ఎత్తిన తెలుగు జెండాలు మనం తెలుగు పదాలుగా భావించి వాడేసుకుంటున్న వాటిలో సంస్కృత పదాలేవో తెలుసుకోవడానికి రెండు మూడు కొండగుర్తులున్నాయి 1 పదం చివరున్న తెలుగు జెండాలను తొలగించినా అర్థం మారకుండా సమాసాల్లో చక్కగా ఇమిడిపోయేవి సంస్కృత పదాలు ఉదా వీరుడు లో డు తీసేసినాక మిగిలే పదం వీర డు మోపిన బరువుకు పదం చివర వంగింది కొమ్ము కొట్టేయండి దీన్ని విడిగా కూడా వాడుకోవచ్చు అంతకంటే ముఖ్యంగా గమనించవలసిందేమిటంటే అలా విడదీశాక కూడా అర్థం మారలేదు కాబట్టి వీర అనే సంస్కృత పదాన్ని చివర డు చేర్చి తెలుగులో వాడేసుకుంటున్నామన్నమాట పాడు కోడు చెడు వీడు రేడు వీటి చివర డు ఉన్నా ఇవి అచ్చ తెలుగు పదాలు అన్నట్లు రేడు లో ఉన్నది బండిరా అంటే శకటరేఫం ఱ దీన్నెలా పలకాలో నిజ్జంగా నాకు తెలియదు కానీ ఇది ఉన్న పదాలన్నీ అచ్చ తెలుగు పదాలే అని మాత్రం తెలుసు అలాగే ము తో అంతమయ్యే పదాలలో పాము చీము లాంటివి అచ్చతెలుగు పదాలు కాగా సంస్కృతం నించొచ్చిన ధర్మము లాంటి పదాల చివరన ఉండే ము కాస్తా ఆధునిక వ్యవహారంలో అనుస్వారంగా అనగా గుండుసున్నా అని అర్థం మారిపోయింది 2 మనం చిన్నప్పుడు సంస్కృత సంధులు అని సవర్ణదీర్ఘసంధి గుణసంధి మొదలైనవి నేర్చుకున్నాం గుర్తుందా ఆ సంధి సూత్రాలను పాటించేవి సంస్కృత పదాలు మొదట్లో ఇది కొండగుర్తూ బండ గుర్తూ కాదు లిట్మస్ టెస్టుగానే ఉండేది ఐతే ఈమధ్య పాలాభిషేకం తెలుగేతర తెప్పోత్సవం లాంటి దుష్టసమాసాల విషయంలో తప్పు ఫలితాన్నిస్తోంది వాటితోబాటే అకార ఇకార ఉకార మొదలైన కారపు సంధులు తెలుగు సంధులని నేర్చుకున్నాం ఈ తెలుగు సంధి సూత్రాలను పాటించేవి అచ్చ తెలుగు పదాలు ఎంతైనా కారం తెలుగువాళ్ళ కు నచ్చే రుచి ఈ అచ్చు కారాలన్నీ తెలుగుభాషకు ప్రాణాలు 3 మహాప్రాణాలు సంయుక్తాక్షరాలు ఉన్నవి ఏ భాషైనా కావచ్చు కానీ అచ్చ తెలుగు పదాలు మాత్రం కావు అని ఎవరో చెప్పగా విన్నాను కానీ బ్రౌను ఒప్పుకోవడం లేదు అచ్చ తెలుగు పదాల్లో మహాప్రాణాలకు ఉదాహరణలు ఖద్ది 0343 బలము ఖాణము 0344 khāṇamu khāṇamu దాణా గ్రాసము కసువు సంయుక్తాక్షరాలకు ఉదాహరణలు ౛ాపత్రి 0480 zāpatri ౛ాపత్తిరి ḍzāpatri ౛ాజి పత్రి 0707 పత్రిరి భక్తిలేని పూజ పత్రిచేటు Vēma అరసున్నా లేక అర్ధానుస్వారం ఉన్నవన్నీ కూడా అచ్చతెలుగు పదాలేనట ఇది నిజం కాకపోవచ్చు బ్రౌను నిఘంటువులో చూద్దామంటే ఆయన అసలు అరసున్నాలు వాడినట్లే లేదు 4 చివరగా తెలుగు అజంత భాష అంటే అచ్చుతో అంతమయ్యే పదాలు గలది దీనికి విరుద్ధంగా ప్రాణం లేని హల్లుతో గానీ దీర్ఘాలు తీస్తూ గానీ తుదిశ్వాస వదిలేవి పరదేశీలు కన్నడం నేర్పుతానని పిలిచి తెలుగు పాఠాల్లోకి దిగాడేమిటని ఆగ్రహించకండి కన్నడ బాగిట్లోకి వచ్చేశాం కుడికాలు సిద్ధం చేసుకోండి తెలుగులో చెల్లుబాటయ్యే సంస్కృత పరభాషా పదాలు దేశంలో ఏ భాషలో ఐనా చెల్లుబాటవుతాయని నా నమ్మకం ఈ నమ్మకానికి పైన చెప్పిన కొండగుర్తులకు ప్రత్యుదాహరణలు ఉండొచ్చు కానీ వాటిని ప్రస్తుతానికి పక్కన పెడదాం ఇక్కడ మనం చేస్తున్న పని వేగంగా కన్నడం నేర్పడం తప్పుల్లేకుండా కన్నడం నేర్పడం కాదు సంస్కృత పదాలు విదేశీ పదాలేవేవో సరిగ్గా తెలిస్తే మనకు ఏ భారతీయ భాషలో ఐనా సరే ఎడాపెడా వాడెయ్యడానికి వీలయ్యే పదాలు వచ్చేసినట్లే ఇవి ఏ భాషలోనైనా సుమారు 30 35 కి తగ్గకుండా ఉంటాయి సంస్కృత పదాలను వాడడమెలాగంటే వాటి చివరన ఉండే డుమువులనే తెలుగు తోకలు కత్తిరించేస్తే సరి అవి సుబ్బరంగా సర్వభాషామోదిత పదాలైపోతాయి ఇక పై తరగతులకు చెందిన పదాలు కాక ద్రవిడ భాషల్లో మాత్రమే కామన్ గా ఉండే పదాలు అర్థంలోను రూపంలోను స్వల్ప తేడాలతో మూల ద్రావిడ భాష నుంచి వచ్చినవి ఇవి కూడా అన్ని ద్రవిడభాషల్లోనూ 30 35 వరకు ఉంటాయి ఐతే వీటికి కొన్ని నియమాలు ఉన్నాయి ఈ నియమాలు తెలిస్తే ద్రవిడ భాషలన్నీ కరతలామలకమే వాటిలో మొదట తెలుసుకోవలసిన నియమమేమిటంటే మూల ద్రావిడంలో పదం మొదట్లో ఉండే ప కారం కన్నడంలోకి వచ్చేసరికి హ కారంగా మారుతుంది ఈ నియమమే గుడ్డిగా ఫాలో ఐనందుకు బెంగళూరుకొచ్చిన కొత్తల్లో నాచేత హాహాకారాలు పెట్టించింది అలా అని ఇదేదో నా సొంత పైత్యం అనుకునేరు కానేకాదు భాషాశాస్త్రవేత్తలు చెప్పిన శాస్త్రీయ నియమమే ఉదా పాలు పంది పులి పల్లి పల్లె పువ్వు పండు పో ఈ పదాలు కన్నడంలో వరుసగా హాలు హంది హులి హళ్ళి హువ్వె హణ్ణు హో అవుతాయి కాబట్టి మీకు కన్నడంలో హ తో మొదలయ్యే పదం అర్థం కాకపోతే మొదట చేయవలసిన పని హ స్థానంలో ప పెట్టి చూడడం మీకు హాసిని అనే కన్నడ అమ్మాయి పరిచయమైందనుకోండి ఆమె పేరుకు అర్థం తెలుసుకోవడానికి ఈ సూత్రాన్ని వాడితే దెబ్బతింటారు ఇందులోని నీతి ఏమనగా ఆడవాళ్ళు అన్ని నియమాలకూ అతీతులు ఇక్కడ సంస్కృతపదానికి ద్రవిడభాషానియమం అన్వయించి నేను అనవసరంగా ఆడవాళ్ళ మీద అభాండాలు వేస్తున్నానని అంతకంటే అనవసరంగా వాళ్ళను బద్ నామ్ చేస్తున్నానని మీరు అనుకోవచ్చు అన్నట్లు బద్ నామ్ అనేది హిందీ పదం దాన్నే ఇంగ్లీషులో బాడ్ నేమ్ అంటారు చూశారా దేశ విదేశాల్లోని వేర్వేరు భాషల మధ్య ఎంత దగ్గరి పోలికలున్నాయో కానీ ఈ ద్రవిడభాషానియమాన్ని పాటించే సంస్కృత పదాలూ లేకపోలేదు ఉదాహరణకు పండుగ పబ్బం అనే జంట పదాల్లోని పబ్బం పర్వ దిన మనే సంస్కృత పదానికి వికృతి అలా కాక అది ద్రవిడ పదమే ఐతే పదం చివర ఇతర భాషల్లో లేని ము లేక అనుస్వారము తెలుగులో ఉండకూడదు ఐతే ఈ పబ్బాన్నే కన్నడంలో హబ్బ అంటారు పుట్టినరోజు పండుగను సింపుల్ గా హుట్టుహబ్బ అంటారు సరే పందిని కాస్తా హందిని చేసిన ఈ సూత్రం ప్రకారమే పది కాస్తా కన్నడంలో హది కావాలి కానీ కానంటోంది ఎందుకంటే మూల ద్రావిడంలో దాని అసలు రూపం పత్తు కాబట్టి ఉన్న ద్రవిడ భాషలన్నిట్లోనూ తమిళమొక్కటే మూ ద్రా భాషకు దగ్గరగా ఉండి ఆ లక్షణాలను చాలా వరకూ నిలబెట్టుకొన్నదని భాషాశాస్త్రవేత్తల ఉవాచ తమిళంలో పదిని పత్తు అంటారు ఇప్పుడు పదాది హకారం సూత్రం ప్రకారం ము ద్ర లోని పత్తు కన్నడంలోకొచ్చేసరికి హత్తు అవుతుంది నేను చదివిన రెండో సూత్రం కచకారాల కు సంబంధించినది అంటే పైన చెప్పుకున్న పకార హకారాల్లాగే ఇది కకారం చకారాలకు వర్తిస్తుందన్నమాట అంటే ము ద్ర లో క గుణింతంలోని అక్షరాలతో మొదలయ్యే పదాలు తెలుగు లాంటి కొన్ని భాషల్లోకి వచ్చాక మొదటక్షరాన్ని చకారంగా మార్చేసుకుంటాయి ఉదా కై చెయ్యి కివి చెవి ఇక మూడో సూత్రం ఇది నేను చదివింది కాదు అనుభవం మీద బోధపడింది పదాది వకారం బకారమౌతుంది వెన్న బెణ్ణ వాకిలి బాగిలు వా బా వల బల ఈ వల కాదు వల పలి చేత ఘంటం వల పట దాపట బంతిలో వల పక్షం లలో ఉండే వల అంటే కుడి అని అర్థం కన్నడంలో బలి తిరువుసి అంటే కుడి వైపుకు తిరగండి అని అలాగే తమిళంలో వా అంటే రా అని అర్థం అదే కన్నడంలో బా అవుతుంది ఇక్కడో చిన్న కోతికొమ్మచ్చి ఆవారాబావా అని ఒక తమాషా పదముంది ఆ పదం ఐదు వేర్వేరు భాషల్లోని ఏకాక్షర పదాల సమ్మేళనం పైగా ఆ పదాలన్నిటి అర్థమూ ఒకటే అదీ అసలు తమాషా ఆ హిందీ వా తమిళం రా తెలుగు బా కన్నడం వా మలయాళం అన్నట్లు తమాషా దీర్ఘాంతం దీర్ఘాంతం అనేది పార్శీ పదం మరాఠీలు రంగస్థలం మీద చేసే వినోదప్రదర్శన తమాషా అనే పేరుతో ప్రసిద్ధి పొందింది అక్కణ్ణించీ ఆ పదం ఇతర భారతీయ భాషల్లోకి పాకింది పైన హులి అంటే పులి అని చెప్పుకున్నాం బెంగళూరులో హుళిమావు అని ఒక ప్రాంతముంది ఐతే ఈ హుళి పుల్లదనానికి సంబంధించింది హుళిమావు అంటే పుల్ల మామిడి అసలీ టపాను పోయిన్నెల్లోనే ప్రచురించవలసింది కానీ అప్పటికే అలుపెరుగక ఆవకాయ మాగాయ పోరాటాలు చేస్తోన్న జనాల మధ్యకు పుల్లమామిడిని వదలడానికి జంకి ఇన్నిరోజులూ ఆగానన్నమాట అలాగే ఆనేకల్ అని ఇంకొక ప్రాంతముంది కన్నడంలో ఆనె అంటే ఏనుగు కాబట్టి ఆనేకల్లంటే ఏనుగు రాయి అనుకోవాలి అదేం పేరు అనుకోకండి మా కడప నగరంలో ఒక ప్రాంతం పేరు మట్టి పెద్దపులి అక్కడ మట్టితో చేసిన పెద్దపులి విగ్రహముంది లెండి అందుకే ఆ పేరు మనం పులులను కడపలో పులివెందుల్లో వదిలేసి మళ్ళీ ఏనుగు దగ్గరికొద్దాం వివిధ ద్రవిడ భాషల్లో ఇది ఆనె ఆనై యానై ఏనిగ్ ఏనిగ అని పిలవబడుతోంది పత్తు హత్తు పది వా బా రా ఆనై ఆనె ఏనిగ ఏనుగు లాంటి పదాలను చూస్తే ఇవి ము ద్ర లేక తమిళంలో కన్నడంలో ఒక విధంగాను తెలుగులో మాత్రం కొంచెం తేడాగానూ ఉన్నట్లు తెలుస్తోంది కదా ముద్ర నుంచి ఎక్కువ దూరం వచ్చేసింది తెలుగు భాషేనేమో అని కూడా దీన్ని బట్టి అనిపిస్తోంది ఇంతటితో కన్నడ స్వబోధినిలోని మొదటి చాప్టరు సమాప్తం ఈ ఒక్క చాప్టర్లోనే మీరు కన్నడభాషలోని 40 50 పదాలు నేర్చేసుకున్నారు రెండో చాప్టరు మూడువందల ముప్ఫైమూడూ పాయింట్ మూడు మీటర్లు అనగా తొమ్మిది వందల కిలోహెర్ట్జ్స్ పై తర్వాతెప్పుడో ప్రసారమౌతుంది ఈలోగా మీరు వీటిని బాగా అధ్యయనం చేసి అభ్యాసం చేసి మాట్లాడేటప్పుడు రాసేటప్పుడు ధైర్యంగా విశృంఖలంగా వాడడం మొదలుపెట్టండి విజయోస్తు మీ సౌకర్యం కోసం తో వెతుక్కోవడానికి వీలు కల్పించే కన్నడ కస్తూరి ఆన్లైన్ నిఘంటువుల లింకులు ఆంగ్ల కన్నడ నిఘంటువు కన్నడాంగ్ల నిఘంటువు హెచ్చరిక కింది రెండు వాక్యాలూ స్వగతం ఎవ్వరూ చదవకండి హమ్మయ్య నాకొచ్చిన నాలుగు కన్నడ పదాలూ చెప్పేశాను ఇంకో నాలుగు పదాలు నేర్చుకున్నాక రెండో చాప్టరు రాస్తా
,
అన్వేషణ ఒక ప్రవాహం,తెలుగు చలనచిత్ర చరిత్రలో కొన్ని మరపురాని అభినయ సన్నివేశాలు ఎస్విఆర్ 1 మాయబజార్ సినిమాలో శశిరేఖని దొంగతనంగా తీసుకురావడానికి ద్వారకకి వెళ్ళిన ఘటోత్కచుడు ఎస్విఆర్ నిద్రిస్తున్న శశిరేఖ దగ్గరకి వచ్చాడు కృష్ణుని పనుపున తనకి సహాయంగా వచ్చిన మైనా అనే చెలికత్తెతో ఈ షాట్ తీస్తున్నప్పుడు స్క్రిప్ట్ లో శశిరేఖని చూసిన ఘటోత్కచుడు ఈమె నా సోదరుడైన అభిమన్యునికి తగిన పడతియే అని రాసి ఉందట ఇది చూసిన ఎస్విఆర్ కెవి రెడ్డిని అడిగారుట ఈ డైలాగ్ ని రాక్షస వాచకంతో బిగ్గరగా చెప్పమంటారా అందరూ నిద్రిస్తున్న సమయం కదా ఎలా అని అప్పుడు కెవి రెడ్డిగారు నవ్వి ఇది కేవలం నువ్వు ఎలాంటి ఎక్స్ ప్రెషన్ ఇవ్వాలో సూచించడానికి మాత్రమే రాసినది డైలాగ్ కాదు ఈ డైలాగ్ ని నువ్వు మైండ్ లో నిజంగా అనుకోవాలి అప్పుడు నీ ముఖంలో ఆ భావం పలుకుతుంది లేకపోతే ఈ అమ్మాయి నాకూ తగినదే అన్న భావం కలగవచ్చు రాక్షస ప్రవృత్తి కలిగిన ముఖకవళికల వల్ల అని కెవి రెడ్డి గారు చెప్పారట ఆప్యాయతతో కూడిన ఈ ఎక్స్ ప్రెషన్ ని ఎస్విఆర్ ప్రకటించిన విధం ఈ కింద లింక్ లో 1 38 27 లో చూడవచ్చు tas_30CdOss ఈ విశేషం సింగీతం శ్రీనివాసరావు గారి స్వీయ చరిత్రాత్మక డాక్యుమెంటరీ మై ఏజ్ లెస్ జర్నీ ఎపిసోడ్ 7 లో ఉంది ఇక్కడ మాయబజార్ సినిమా గురించి ఎన్నో విశేషాలు ఉన్నాయి అంతే కాదు దాదాపు 50 వీడియోలు ఉన్న ఈ ఎపిసోడ్ లలో అయిదు దశాబ్దాల తెలుగు కన్నడ తమిళ సినిమా విశేషాలెన్నెన్నో ఉన్నై ఈ విశేషానికి సంబంధించిన లింక్ ne84_9s కనీసం 8 14 నించీ చూడండి ప్రియదర్శిని లో శశిరేఖాభిమన్యుల యుగళగీతపు సన్నివేశం కోసం ముందు పింగళి వ్రాసిన పల్లవి కుశలమా నవ వసంత మధురిమా కి సాలూరి రాజేశ్వరరావుగారు చేసిన బాణీ కేవీరెడ్డి గారికి ఎంత బాగా నచ్చిందో ఆయన తప్పుకున్న తరవాత ఘంటశాల గారి బాణీ లో వేరే పల్లవి తో నీవేనా నను పాట ఎలా తయారయిందో లాంటి విశేషాలెన్నో ఉన్నై నటుల నించి మౌన భావ ప్రకటన కోసం కూడా ఒక వ్రాయడం ఎలా ఉపకరిస్తుందో అనేదీ యస్వీఆర్ సందేహం గురించి 12 45 దగ్గర ఉంది సావిత్రి చదలవాడ కుటుంబరావు కన్యాశుల్కంలో రామప్పపంతులు సిఎస్సార్ ఇంట్లో ఉన్న మధురవాణి సావిత్రి ని చూడటానికి వచ్చిన పోలిశెట్టి చదలవాడ కుటుంబరావు పంతులు గారు లేరు అన్న మాట వినగానే చేసిన భావప్రకటనతో మొదలయ్యే ఈ సన్నివేశంలో 1 00 30 దగ్గర నించి అడుగడుగునా సావిత్రి చదలవాడ జీనియస్ ని చూడవచ్చు మచ్చుకి ఓహో పోలిశెట్టి గారా అంటూ ఓ సావిత్రి ఓ సరసపు బాణం వేసి దానికి అతను ఎలా కుదేలయాడో మళ్ళీ ఒక వాలుచూపుతో పరికించిన తీరు 1 01 02 దగ్గర రావప్పంతులు వ్యవహారం పైకి పటారం లోన లొటారం అనీ మధురవాణిని ఇష్టపడే వాళ్లల్లో తనూ ఒకణ్ణనీ నర్మగర్భంగా పోలిశెట్టి సాగించిన సంభాషణ దానికి ఊతం ఇస్తూనే రావప్పంతులు గురించిన భోగట్టా లాగటం అదే సమయంలో కొద్ది దూరం పాటిస్తూ కొంచెం భయం పెట్టడం ఇదంతా సాగుతుండగా పంతులు ప్రవేశాన్ని తను గమనించానని సావిత్రి చేసిన భావ ప్రకటన 1 02 42 దగ్గర దాన్ని గమనించి తన టోన్ ని తక్షణమే చదలవాడ మార్చడం 1 02 47 లింక్ FyqCu4WLu9A ఇది గురజాడ వారి నాటకంలో లేదు సదాశివబ్రహ్మం గారి ఊహకి సావిత్రి చదలవాడల ప్రాణప్రతిష్ట ఈ సినిమాలోనే రామప్ప పంతులు అన్యాయంగా లుబ్ధావధాన్లు మీద కొత్త పెళ్ళికూతురుని చంపేశాడ న్న కేసు బనాయించడానికి ప్రయత్నిస్తున్నప్పుడు సావిత్రి వ్యక్తం చేసిన మానసిక సంఘర్షణ బాల్యవివాహాన్ని తప్పించడానికి తను వేసిన ఉపాయం చివరకి ఒక ముసలి బ్రాహ్మణుడి పీకకి చుట్టుకుంటుందేమోనన్న మనో వైక్లబ్యం తను చూపించిన ఆగ్రహాన్ని నిర్లక్ష్యం చెయ్యడంతో కలిగిన వేదన వెంటనే దీన్ని ఎలాగైనా ఆపాలన్న దృఢనిశ్చయం దాని కోసం ఏం చెయ్యాలా అన్న గాఢాలోచన కాగితాల పెట్టె దగ్గరకి వెళ్ళగానే ఉపాయం తట్టిందన్న వ్యక్తీకరణ ఇవన్నీ 2 26 13 నుండి 2 27 13 వరకు సరిగ్గా ఒక్క నిమిషంలోనే FyqCu4WLu9A అసలు నాటకానికి ఇదంతా సినిమా పొడిగింపు పోలిశెట్టి మధురవాణుల మధ్య సన్నివేశానికి కనీసం గురజాడ నాటకంలో కొంత సూచనప్రాయమైన దన్ను ఉంది పేకాట సీను వగైరా కానీ ఈ సన్నివేశం పూర్తిగా సావిత్రి ప్రతిభే వాణిశ్రీ అనుగ్రహం సినిమాలో భర్త బ్రహ్మచర్యాన్ని పాటించడంలో తను సహకరించలేకపోయానన్న అపరాధభావనని ఆ పాప పరిహారానికి తను తీసుకున్న నిర్ణయాన్ని అద్బుతంగా వ్యక్తీకరించింది 1 56 42 దగ్గర ఈ లింక్ లో చూడండి cAg1pdIysik ముదిగొండ లింగమూర్తి 1 సైలెంట్ రియాక్షన్స్ ఇవ్వడంలో లింగమూర్తి గట్టివాడు అని కెవి రెడ్డి పొగిడేవారు యోగి వేమన సినిమాలో చివరి షాట్ లో లింగమూర్తి వేమన స్నేహితుడు అభిరాముడు వీపు మాత్రమే కెమేరా వైపు ఉంటుంది వేమన నాగయ్య తనని కావలించుకోగానే ఒళ్ళు పులకరించినట్టు జలదరించినట్టు లింగమూర్తి వీపుతోనే ఎక్స్ ప్రెషన్ ఇచ్చాడు గ్రేట్ అని అభినందించారు కెవి రెడ్డి గారు ఎచటనుండి వచ్చు ఎచటికి తాబోవు నిదుర చందము ఎరుగనేర్చెనేని సర్వముక్తుడగును సర్వంబు తానవును విశ్వదాభిరామ వినురవేమ ఆర్ద్రపూరిత సన్నివేశం ఇది కింది లింక్ లో 2 10 50 దగ్గర చూడవచ్చు KyYHjS086FY 2 ఈ సినిమాలోనే నాగయ్య లింగమూర్తి ల మధ్య అద్భుతంగా పండిన ఇంకో సన్నివేశంలో లింగమూర్తి గారి వాచకం నటీనటులకి పాఠ్య పుస్తకం లాంటిదే ఓ తత్త్వం పాడుతూ జగజ్జోతి ఉన్నాది నాదమినవే మనసా నాదమినవే నాదమినీ భేదముడిగి మోదమందావే బిచ్చమడిగే పిల్లవాడి అభినయం వాళ్ళు సతాయిస్తున్నారని మూగకంసాలి విసుగు తెల్లవారిందో లేదో అప్పుడే పుట్టపగిలిందీ ఫొండి అనడంలో లింగమూర్తిగారి విసురూ తర్వాత నాగయ్య గారితో సంభాషణలు శంఖద్రావకం రసం ఇంగిలీకం జంగాలపచ్చ సత్తు అన్నీ సమకూర్చా ఇదిగో పుట్టలోని వాని బుడుగుతొడుగు ఇవన్నీ సముద్రాల గారి సంభాషణలు ఇవన్నీ 9 05 దగ్గర చూడవచ్చు KyYHjS086FY 3 స్వర్గసీమ సినిమాలో లింగమూర్తి భానుమతి తండ్రిగా నటించారు పల్లెటూరి వాడిగా ఈ పాత్రలో కొంత హాస్యం పాలు కూడా ఉంది సినిమాలో హీరోని నాగయ్య వలలో వేసుకోమని కూతురితో చెప్పే సన్నివేశం ఉంది ఎన్నాళ్లని ఈ బిగువు వాడేం దయ్యమా రాక్షసుడా దగ్గరకెళ్ళి అంతా సరి చేసుకో అనేది తండ్రి పాత్ర చెప్పవలసిన డైలాగ్ ఆ డైలాగ్ లో లింగమూర్తి గారికి చమత్కారం కనిపించలేదుట సెట్ లో దర్శకుడు బి ఎన్ రెడ్డిగారితో ఆ మాట అంటే ఆయన కస్సుమని మండిపడి చమత్కారం ఏం చేస్తావో చేసి చూపించు అని అరిచారుట థుమథుమలాడుతూ వాడేం పులా సింగమా ఊఁ అని చేసి చూపించారుట ఊ అనడంలో ఒక చమత్కారం రావడంతో దర్శకుడూ రైటరూ సరే అన్నారు ఇది కింది లింక్ లో 36 22 దగ్గర చూడవచ్చు n84k51Qfp78 ఈ విశేషం రావి కొండలరావు గారు వ్రాసిన బ్లాక్ అండ్ వైట్ పుస్తకంలో లింగమూర్తిగారి గురించి ఉన్న వ్యాసం భిన్నభూమికా నిర్వహణ సమర్థుడు లోనిది
అడిగోపుల కవిత్వం,
అంతరంగాలు,ఎకనామిక్స్ టైమ్స్ లో ప్రచురించబడిన ఒక ఆర్టికల్ ఆసాంతం చదివి ఆనందించండి మన ఆటగాళ్ళు మన దేశానికి ఎంత లాభం చేకూర్చారో అర్థమవుతుంది
అంతరంగం నా అంతరంగం,
,
అశోక్ జ్ఞాపకాలూ కబుర్లూ,నేనెవర్ని క్రేజీ అని నాకిచ్చిన నిర్వచనం నిజం చెయ్యడానికి కాదు నిజంగానే యిప్పుడే ఈ బ్లాగ్ పోస్టులు తిరిగి చదివినప్పుడు నాకొచ్చిందీ అనుమానం నేనేనా ఇదంతా రాసింది మరెందుకు రాయడం లేదు ఇది నేనే ఐతే మరి రోజూ తిని పడుకుని టివి లో వాస్తుసిరి ఆనందసిద్థి లాటి కార్యక్రమాలు చూస్తూ వాడి అజ్ఞానాన్నీ చూసేవాడి మూర్ఖత్వాన్నీ తిడుతూ ఉండే ఆపరమ మూర్ఖుడెవరు నేనేనా ఫేస్ బుక్ లో ఎవరేం రాస్తున్నారో చూస్తూ ఒకనాటి నావిద్యార్ధుల సంతోషాన్నీ విజయాలనీ పంచుకుంటూ ఆనందిస్తున్నదెవరు ఆదీ నేనేనా నా మనమళ్లరో ఓరిగామి బొమ్మలు చేసి కేరింతలు కొడుతున్న ఫూల్ ఎవరు అదీనేనే
,
,
,1 2 2 4 2 3 4 5 4 6 7 9 10 3310 6610 11 12 13 14
,òÅ áð êÁ ð êŸªhšíj ví PoÙàŸÞ Ð Nù óŸªÙöËº Ïí pèË Oª æ xèË öË ë àŸÙvë ò ñª àµð pô ª ví áõ ÎöËºàŸû êŸ ª ð ÎöËºàŸìÞ ÑÙåªÙë û oô ª öËºÚÂú òÅ öËº Gõªx Îîµ ë Ù ôÁV ÓÙêŸ Íví â þ yNªÚÛÙÞ áJTÙë û ë EÚ ê ìª ví êŸu Û þ ìû oô ª Íë yFêÁ ÚÛ ô ªaE ÑÙè Þ öËºÚÂú òÅ î ô³ë î ø ô Ó ôÁ àµð pô û oô ª ÏÙêŸöËºû ªô ÚÛô ª æ Oõ ví þ ô õª Î íø ô öËºí õ ú òÅ vêŸÙ ìè ªú hû ÑÙë êµLð ô û oô ª Íë êŸì Ú ô uë Íè Þ _ ÎóŸªì Nà JÙ Íë Eá ªE àµð pô û oô ª öËºÚÂú òÅ êŸõªí õª úú ú òÅ öËº ÔÙ áô ªÞœªêŸªÙëÁ êµLóŸªÚÛªÙè æ ví þ ô õª Î íú ví òÅ ªêŸyÙ ê ªìªÚÛªìoC à óŸªè Ù ÏÙêŸ ô ÚÛ öË ë û oô ª
అనిల్ చీమలమఱ్ఱి,సూచీక ఇది కేవలము కల్పితం ఎవ్వరినీ నొప్పించాలని వ్రాసినది కాదు మన ఇజీనగరం సత్తిబాబు అదేనండీ ఆంధ్రప్రదేశ్ కాంగ్రెస్స్ కమిటీ ఛీపు క్షమిచండి ఆచ్హు తప్పు ఛీఫ్ మరియు మన రాష్ట్ర మాజీ మంత్రివర్యులు విజయనగరానికి చెందిన బొత్సా సత్యనారాయణ రాజకీయాల్లో ఆరితేరిన ఆటగాడే కానీ ఆంగ్ల భాష మాట్లడడములో ఆరితేరలేదు హిందీలొ ఐతే ఇక చెప్పుకోనవసరమే లేదు మొన్నీమధ్య కాంగ్రెస్సు వారి అమ్మ అయిన శ్రీమతి సోనియాగాంధీగారిని కలవడానికి ఢిల్లీ వెళారు కానీ అది రహస్య సమావేశము కావడముతో మంతనాల విషయం బయటకి తెలియరాదనే ఆలోచనతో అనువాదకర్తగా ట్రాన్స్లేటర్ తన భార్య అయిన ఝాన్సీలక్ష్మి గారిని వీరు ఆపైన స్కాలర్ తీసుకొని వెళ్ళారు కానీ మీకుతెలుసుగా 2G 3G మొబైల్ ఫోన్లు ప్రపంచాన్ని శాసించుచున్న ఈకాలమందు ఏదీ దాగదు ఆలాగే నాకు ఈ విషయం ఒక చిన్న ద్వారా అందింది అందులో ఏమి జరిగిందో మీరే చదవండి బొత్సా గుడ్ మార్నింగ్ మేడం అమ్మ గుడ్ మార్నింగ్ హోప్ ఎవ్విరి థింగ్ ఫైన్ ఇన్ సత్తిబాబు భార్య ఝాన్సి వైపు చూశాడు ఝాణ్సీ భర్తని చూస్తూ లో అంతా బానేఉందా అని అడగతాంది బొత్సా చిరునవ్వుతో అమ్మగారిని చూస్తూ ఎస్సు ఎస్సు ఆల్ గుడ్డు గుడ్డు అమ్మ సత్తి బాబుకు అర్ధమైనదల్లా చిరంజీవి కాబినెట్ సీట్ మరియు పోస్ట్ పోన్ బొత్సా ఎస్సు మేడం ఎస్సు అమ్మ సత్తిబాబు భార్య ఝాన్సి వైపు చూశాడు ఝాన్సీ చిరంజీవికి మంత్రి పదవి ఇచ్చే ఆలోచన పోస్ట్ పోన్ చేస్తుందట నువ్వు ఏటంటావో అడగతాంది బొత్సా భార్య తో నాను ఏటంతాను ఏటీఅనను ఆమె ఏటంటే అదే గదేటీ ఝాన్సీ అమ్మ అత్తకాదు అయిన అమ్మ సోనియా మళ్ళా మన బొత్సా తన ఆంగ్లభాషని ఉపయోగించి అర్ధం అర్ధమే చేసుకున్నది చిరంజీవి స్టెప్పులు పాలిటిక్స్ మాత్రమే బొత్సా మేడం కోపము చిరాకు తో సత్తిబాబు వైపు చూసింది ఝన్సీ ష్ ష్ అని భర్తకి సైగలు ముకేషులు చేసింది ఝన్సీ భర్త తో చిరంజీవి రాజకీయాలలో ఎదగడానికి ఏటి సేస్తుండాడు అని కొచ్చేనింగు సేస్తా వుంది బొత్సా ఝాన్సీ తొ ఓ గదా నాను ఇంకేటో అనేసుకొందాను కదేటి ఆ ప్లానింగే ఉంటే ని నట్టేట ఒగ్గేసి కాంగ్రెస్సులోకి ఎందుకు పారొస్తాడు ప్లానింగు లేదు బొంగు లేదు మంత్రి పదవి ఇస్తే ఎల్లి మొగానికి రంగేసుకొని టెప్పులు ఏత్తాడు ఝాన్సీ బొంగు అనే పదాన్ని మినహా మొత్తం అనువాదము చేసి మేడంగారికి చెప్పింది మేడం చిరునవ్వుతో బొత్సా భార్య తో ఏతంత అంతాంది నాను సెప్పింది కరెస్టు కాదనా ఝాన్సీ నువ్వుండసె ఇంతలో సోనియా మేడం సెక్రెటరి వచ్చి 5 ని లో వేరే పని ఉందని చెప్పి వెళ్ళాడు సోనియా బొత్సా ని చూస్తూ మరోసారి మన బొత్సా తన ఆంగ్లభాషని ఉపయోగించి అర్ధమే చేసుకున్న అర్ధం బొత్సా ఝాన్సీ బొత్సాను గిచ్చి ఎహె నీ తొక్కలో ఇంగిలీసు తో నీ ఇట్టం వచ్చినట్టు అర్ధం సేసేసుకొని మాతాడొద్దు గుండేకాయలో ఉన్నది డోకొద్దు కక్కేయొద్దు ఈయమ్మ కొంపలు తగలేయగలదు ఛీపు గా కురిచీని కాపాదే భాద్యత నీ మేడకు అతికించినాది చేస్తున్నావా అని కొచ్చిన్ బొత్సా ఓ గదా ఎరికేనని సెప్పు ఝానీ సోనియా సెక్రెటరీ చేతి గడియాయారము చూసుకొంటూ సైగలు ఛెస్తున్నాడు సోనియా బొత్స ఝాన్సీ అమ్మగారిఫద పద్మములకు నమస్కరించి వెనుతిరిగారు సేకరణ తస్కరణ స్వేచానువాదము నేనే మీ బద్దకస్తుడైన అనిల్ చీమలమఱ్ఱి
,మాటాడే నీ కన్నులే నాకవి పున్నమి వెన్నెలే నీ చిరు బోసి నవ్వురా నాకది జాజి పువ్వురా దళపతి ఆడజన్మకు ఎన్ని శోకాలో
